id,sigma_N_per_m,mu_Pa_s,rho_kg_per_m3,Dn_mm,outcome,R_m,R_std_m,Vi_m_per_s,Vi_std_m_per_s,Vo_m_per_s,Vo_std_m_per_s,ho_m,cor,We,Bo,Oh,cor_from_velocities
1,0.0187,0.00174,870,1.0,b,0.0004427999597924274,3.09490301704875e-06,0.24587949269659495,0.00012764089424878818,0.03283430825295832,1.9103638233784904e-05,0.0004498361419445582,0.14183055,1.24546015,0.08948738,0.02050053,0.13353821
2,0.0187,0.00174,870,1.0,b,0.00044147205517361187,8.424057870451074e-06,0.2718789183031625,0.00013512204255792357,0.040722152522515105,1.2825105595056643e-05,0.00046989870325807374,0.17314572,1.51821029,0.08895146,0.02053134,0.14978047
3,0.0187,0.00174,870,1.0,b,0.00044585631002035727,4.460126076354979e-06,0.25354778706066544,0.00011049470328319838,0.03250479591782872,2.1805267204348033e-05,0.0004661213119641773,0.15039952,1.33349752,0.09072699,0.02043014,0.12819988
4,0.0187,0.00174,870,1.0,b,0.00045069196463807485,6.78714431713788e-06,0.2261304211888743,6.277818196504477e-05,0.027931266558730697,2.3865762620419298e-05,0.00044766266892848317,0.11872018,1.07219912,0.09270567,0.02032024,0.12351839
5,0.0187,0.00174,870,1.0,b,0.0004494202169434395,1.785488769928949e-06,0.3054464974845106,4.0869502271576237e-05,0.05008279256110896,9.670740973733543e-06,0.0004755166065128941,0.17992425,1.95074521,0.09218322,0.02034897,0.16396584
6,0.0187,0.00174,870,1.0,b,0.00044642266147764856,1.1255333179548724e-06,0.3043968874746602,4.4168536049578594e-05,0.05191264860695938,1.0074790574253057e-05,0.00045642880610784425,0.17664532,1.92443964,0.09095763,0.02041718,0.17054264
7,0.0187,0.00174,870,1.0,b,0.0004451108906713267,1.1924456748581199e-06,0.306844761195183,7.613743613019975e-05,0.05430777652819333,9.931356385245625e-06,0.0004564421441665977,0.18353723,1.94976959,0.09042387,0.02044724,0.17698779
8,0.0187,0.00174,870,1.0,b,0.0004439396020074392,1.9885673944086176e-06,0.3657905230921721,6.874087171422094e-05,0.06454718271780698,8.736528198746437e-06,0.0005273751347014687,0.2082604,2.76354432,0.0899486,0.0204742,0.17645942
9,0.0187,0.00174,870,1.0,b,0.00044709052214008684,9.044956238124792e-07,0.36043501691574964,4.772687875865898e-05,0.06422440171317467,7.793642211199675e-06,0.0005113607701891629,0.20360871,2.70225957,0.09122998,0.02040192,0.1781858
10,0.0187,0.00174,870,1.0,b,0.00044523657669155557,2.2700342981919952e-06,0.41994463567790313,6.0390743302812675e-05,0.08285573222262303,1.2992883295625108e-05,0.0005774587999414526,0.23159908,3.65302427,0.09047494,0.02044435,0.19730156
11,0.0187,0.00174,870,1.0,b,0.00044295377849279177,2.7589836281236817e-06,0.42629885675164697,5.509046994632414e-05,0.08383481392309465,9.072885462207519e-06,0.0005826813956732243,0.23186071,3.7451084,0.08954956,0.02049697,0.19665737
12,0.0187,0.00174,870,1.0,b,0.000451117872137519,6.868879919338299e-07,0.41168073203521294,4.009017474371395e-05,0.08995828776972876,7.632925426033235e-06,0.00047640527007767475,0.22511346,3.5570401,0.09288097,0.02031065,0.21851469
13,0.0187,0.00174,870,1.0,b,0.00044897685856827585,1.5672501504127395e-06,0.455104279501639,2.8112289027632016e-05,0.10915770362667035,9.352718061210928e-06,0.0004631133743938216,0.24262757,4.32636784,0.09200143,0.02035902,0.23985207
14,0.0187,0.00174,870,1.0,b,0.0004462728963929001,7.605668063914707e-07,0.45023438904913626,5.948825093710714e-05,0.10813463131677647,1.9528353987215754e-05,0.00044500010142937063,0.23991748,4.20877282,0.09089661,0.0204206,0.24017408
15,0.0187,0.00174,870,1.0,b,0.00044494938979388487,1.976219371752176e-06,0.4615882785746761,7.956059540356547e-05,0.10870332555436701,1.0663820338798084e-05,0.00048803351198858984,0.24377639,4.41060134,0.09035827,0.02045095,0.23549845
16,0.0187,0.00174,870,1.0,b,0.00044495364628552547,1.492852688946121e-06,0.5038935422232962,5.543494540943077e-05,0.12471610517429417,9.373713622772587e-06,0.0004991545835502475,0.25582585,5.25617724,0.09035999,0.02045085,0.24750487
17,0.0187,0.00174,870,1.0,b,0.0004468793086066255,1.1973397746798113e-06,0.5014260968608096,6.508231359784073e-05,0.12384735745950706,0.00024031654811795935,0.0005052474120370587,0.25604471,5.22735216,0.0911438,0.02040674,0.24699025
18,0.0187,0.00174,870,1.0,b,0.00044104632219826265,1.293989258390381e-06,0.5053699128167755,7.3185955183795e-05,0.08998717711283001,1.0604460541576243e-05,0.0008852658847898738,0.25657648,5.24059522,0.08877998,0.02054124,0.178062
19,0.0187,0.00174,870,1.0,b,0.0004475239572031086,4.785995579353396e-07,0.5376361314272685,8.095738934509191e-05,0.09942489393421695,6.20678685817532e-06,0.0009742451137752865,0.2644829,6.01825839,0.09140695,0.02039204,0.18492971
20,0.0187,0.00174,870,1.0,b,0.0004429179977567532,2.6616513233222e-06,0.5413438819049105,6.642185286233308e-05,0.10278546540892973,5.891942675104058e-06,0.0009632302698430614,0.26624431,6.03875541,0.0895351,0.0204978,0.18987093
21,0.0187,0.00174,870,1.0,b,0.00044411177731707677,5.300696595264556e-07,0.5349118054506015,7.367640747896106e-05,0.09887550499300479,6.173628273414385e-06,0.0009639286979746998,0.26421842,5.91199832,0.09001839,0.02047023,0.1848445
22,0.0187,0.00174,870,1.0,b,0.00044539129037975627,1.9975438464995363e-07,0.562595145907984,7.508897066857018e-05,0.10821121408056826,5.074497757725491e-06,0.0010124571109656863,0.26860201,6.55860276,0.09053783,0.0204408,0.19234296
23,0.0187,0.00174,870,1.0,b,0.0004444045198641685,6.274617626344626e-07,0.5653427350183126,8.405558285524483e-05,0.10960536817124855,5.059144360699195e-06,0.0010166683443136803,0.2696603,6.60814775,0.0901371,0.02046348,0.1938742
24,0.0187,0.00174,870,1.0,b,0.00044400790899496557,4.3544475017087716e-07,0.5642648387484639,9.192512994235277e-05,0.10961102208468583,5.004054136742902e-06,0.001014999932162284,0.27003756,6.57709825,0.08997629,0.02047262,0.19425457
25,0.0187,0.00174,870,1.0,b,0.0004427872216768485,8.197104202028072e-07,0.5933152723984187,9.771223684962234e-05,0.1187942491346978,5.230521955394862e-06,0.001070420733624251,0.27398841,7.25176598,0.08948223,0.02050082,0.20022112
26,0.0187,0.00174,870,1.0,b,0.000445167127228925,5.000758052042787e-07,0.5948300669667734,7.921109544742038e-05,0.11917401882656668,5.185186786045065e-06,0.0010707476932899033,0.27354957,7.32801852,0.09044672,0.02044595,0.20034969
27,0.0187,0.00174,870,0.8,b,0.0003503648013163768,3.88480062909878e-06,0.18027918726074113,1.25893231565911e-05,0.034492168792191136,1.2540005718060794e-05,0.0003513760542161115,0.19291518,0.52977236,0.05602574,0.02304669,0.1913264
28,0.0187,0.00174,870,0.8,b,0.0003528050129424651,3.5498554362343484e-06,0.1796596994224482,2.2668775536050822e-05,0.03556309559856672,1.0625841524453324e-05,0.00035311719577450984,0.19842573,0.52980217,0.05680887,0.02296685,0.19794698
29,0.0187,0.00174,870,0.8,b,0.0003549206376238697,3.067721848270109e-06,0.17613244412924473,3.792097086595514e-05,0.032811823155837604,9.66397067728693e-06,0.0003558921642749814,0.18793252,0.51225667,0.05749223,0.0228983,0.18629063
30,0.0187,0.00174,870,0.8,b,0.0003483656167383185,1.3277009372664318e-06,0.2248174629986176,2.2395671383940716e-05,0.04871990176695769,7.218257922690816e-06,0.0003513816700090754,0.21939337,0.81916807,0.0553882,0.02311273,0.21670871
31,0.0187,0.00174,870,0.8,b,0.00035582963395709634,2.297441310279657e-06,0.22268764207156458,1.4196024431690643e-05,0.04643646736603739,7.87238028727944e-06,0.0003574512797831434,0.21006013,0.82094109,0.0577871,0.02286903,0.20852737
32,0.0187,0.00174,870,0.8,b,0.0003554469285329468,2.4739099716978654e-06,0.22887049663436632,1.5745992664862106e-05,0.047966359999070736,7.422719102291363e-06,0.0003558642344819978,0.20995118,0.86622764,0.05766286,0.02288134,0.20957861
33,0.0187,0.00174,870,0.8,b,0.0003545194990752386,1.852141025734185e-06,0.2293331022234121,1.6722789639781e-05,0.04826417930765692,8.243490377387015e-06,0.00035458149181463066,0.21050942,0.86746361,0.05736235,0.02291125,0.21045448
34,0.0187,0.00174,870,0.8,b,0.0001682441292592906,2.563794157759969e-07,0.13415546461251673,8.108970932441054e-06,0.05474182572812569,1.088015976281312e-05,0.00016847602249910062,0.40835732,0.14087512,0.01291893,0.03325821,0.40804768
35,0.0187,0.00174,870,0.8,b,0.0003609245185869082,1.1404143318586988e-06,0.3009411771878654,2.131428210268182e-05,0.03856054741355757,9.307268681637151e-06,0.0005019702730704163,0.216735,1.52074803,0.05945377,0.02270705,0.12813317
36,0.0187,0.00174,870,0.8,b,0.00035829371497308956,1.7181856492142378e-06,0.2893160367697134,1.9487589543668805e-05,0.061708419088367265,6.1000035492321125e-06,0.0003594432648566339,0.21392142,1.39528155,0.05859021,0.02279026,0.2132907
37,0.0187,0.00174,870,0.8,b,0.0003581925347981933,6.642839556788552e-07,0.26517550266587586,3.809225546627849e-05,0.102847563712553,7.138266269348538e-05,9.26421917437672e-05,0.27628263,1.17182019,0.05855712,0.02279348,0.38784715
38,0.0187,0.00174,870,0.8,b,0.00035858436717750965,1.4463598826710803e-06,0.30410389827616835,2.0679599908157865e-05,0.0655680148605211,5.621929565513047e-06,0.0003613944868748459,0.21698871,1.54281187,0.0586853,0.02278102,0.21561057
39,0.0187,0.00174,870,0.8,b,0.00035993674624180386,6.417602045981485e-07,0.35460879280536345,3.810114887159153e-05,0.0763915381834172,6.810023128556455e-06,0.00037879376516436486,0.22214874,2.10573072,0.05912879,0.02273818,0.21542483
40,0.0187,0.00174,870,0.8,b,0.00035860620786052917,1.2946862862660438e-06,0.3508613907814812,2.4436902697748447e-05,0.0766560764702328,7.326503037679266e-06,0.00036861993705896643,0.22210206,2.05384001,0.05869245,0.02278033,0.21847966
41,0.0187,0.00174,870,0.8,b,0.00035263261852521344,5.247641826793345e-07,0.3603621898975201,3.4602708375548275e-05,0.08081057140674078,5.5279505275698135e-06,0.00035364693990187616,0.22458963,2.1304854,0.05675337,0.02297246,0.2242482
42,0.0187,0.00174,870,0.8,b,0.0003542808246418477,8.693899410706278e-07,0.36202865871020007,4.8105133140698635e-05,0.08093149973771933,5.6888659261727474e-06,0.00035979987891788357,0.22539028,2.16028572,0.05728514,0.02291896,0.22354998
43,0.0187,0.00174,870,0.8,b,0.0003542218734189088,2.1644895037180268e-06,0.37595658876954635,3.624506595552644e-05,0.0823961472337453,5.796794024467346e-06,0.00037350227520623237,0.225187,2.32931607,0.05726607,0.02292087,0.21916399
44,0.0187,0.00174,870,0.8,b,0.00035444703300504095,7.764244499607091e-07,0.3637705168769492,4.036714739525757e-05,0.08172069192431455,6.203300328262568e-06,0.0003578124684860621,0.22575688,2.18214691,0.0573389,0.02291359,0.22464902
45,0.0187,0.00174,870,0.8,b,0.0003526191728644764,4.426435076963861e-07,0.41702789435105364,3.43470411747895e-05,0.09743157091856834,5.853619758453657e-06,0.00035479535440123154,0.23415804,2.85307888,0.05674904,0.0229729,0.23363322
46,0.0187,0.00174,870,0.8,b,0.00035179456984119355,1.3869578523861337e-06,0.09560369965242688,1.277728861629904e-05,0.008712052139966488,9.23954948980574e-05,0.0003525363676676351,0.09948074,0.14959469,0.05648393,0.02299981,0.09112673
47,0.0187,0.00174,870,0.8,b,0.00035443919603189483,3.583202427388035e-07,0.4093248215150892,2.9086202723495853e-05,0.09465166530600741,5.951224803956338e-06,0.0003574017009190549,0.23198743,2.76283883,0.05733636,0.02291384,0.23123852
48,0.0187,0.00174,870,0.8,b,0.00035336524920715514,1.1929591695235943e-06,0.09206491778990636,3.421367902357452e-05,0.007110477721096572,9.544759622213715e-05,0.000353951283713071,0.08556592,0.1393445,0.05698943,0.02294864,0.0772333
49,0.0187,0.00174,870,0.8,b,0.00035423192893138845,8.381223685673008e-07,0.4131022267027479,3.997974120502275e-05,0.09530094196946275,5.66319788262499e-06,0.00035812614004768694,0.23166411,2.81242158,0.05726932,0.02292055,0.23069578
50,0.0187,0.00174,870,0.8,b,0.0003531917548632955,1.4083419124936242e-06,0.09332932936936601,1.4333158207007289e-05,0.009588990571278657,0.00010731533268102366,0.0003535596866045151,0.10670055,0.14312796,0.05693348,0.02295427,0.10274359
51,0.0187,0.00174,870,0.8,b,0.0003559895901313543,1.4997169407700693e-06,0.4775962739723329,4.578456943912527e-05,0.11652450904604843,7.46801774349113e-06,0.00035895182087985626,0.2445028,3.77778123,0.05783906,0.02286389,0.24398119
52,0.0187,0.00174,870,0.8,b,0.0003546592000629823,1.9513080564817062e-06,0.11596171467677255,6.181584705961186e-06,0.016900809176254427,2.8184362123026064e-05,0.00035572163920540234,0.15096913,0.22187999,0.05740756,0.02290674,0.14574473
53,0.0187,0.00174,870,0.8,b,0.00035187485838019045,3.8118051525160245e-07,0.4573477933007644,4.764129969345029e-05,0.1085299278585462,6.671879766890179e-06,0.0003698349663792105,0.2408263,3.4241995,0.05650972,0.02299719,0.23730283
54,0.0187,0.00174,870,0.8,b,0.0003502643707808363,1.5419032499719979e-06,0.10738910456552828,9.416388243813183e-06,0.01635702015063481,3.50053220845521e-05,0.00035048003224089514,0.15351515,0.18792911,0.05599362,0.02305,0.15231545
55,0.0187,0.00174,870,0.8,b,0.00035611217707236513,2.325041157037827e-07,0.45295845170136984,4.739599451951241e-05,0.10788661620962221,5.83980752489275e-06,0.00036128797926776905,0.2392189,3.39923512,0.0578789,0.02285996,0.23818215
56,0.0187,0.00174,870,0.8,b,0.000355321983729298,1.831963097735201e-06,0.10650590235678022,7.342741756033984e-06,0.015708041515272102,3.10115887579688e-05,0.00035629132904564713,0.15306364,0.18751978,0.05762233,0.02288536,0.14748517
57,0.0187,0.00174,870,0.8,b,0.00035318462954092995,8.402300899966699e-07,0.5263914608349524,7.559391509214223e-05,0.12691151606553422,8.992020072387172e-06,0.00043528260465939563,0.25286567,4.55299436,0.05693119,0.0229545,0.24109722
58,0.0187,0.00174,870,0.8,b,0.0003529540235641929,1.3419218802473287e-06,0.13195077049521095,8.97159404267215e-06,0.025127298746685144,1.6311237605251297e-05,0.0003539567912272734,0.19337354,0.28590361,0.05685687,0.022962,0.19042934
59,0.0187,0.00174,870,0.8,b,0.00035274391864158027,2.916070741661261e-07,0.4972182082165567,8.452959082799023e-05,0.11908363788424603,7.915384755563731e-06,0.00040598857863263847,0.24816458,4.05724496,0.0567892,0.02296884,0.23949975
60,0.0187,0.00174,870,0.8,b,0.0003504280680898932,1.4301956815342186e-06,0.1214501266433962,1.3452333443197782e-05,0.016623786117150815,2.827206834275173e-05,0.00036123491304877894,0.18196221,0.24047641,0.05604597,0.02304461,0.13687747
61,0.0187,0.00174,870,0.8,b,0.00035628498928160656,2.0940063076851454e-06,0.5140864377571028,6.011170149170736e-05,0.12586840121660103,8.087087564642795e-06,0.0004124485693715424,0.25321059,4.38073987,0.05793509,0.02285441,0.24483898
62,0.0187,0.00174,870,0.8,b,0.0003557149805389039,1.4608494199302034e-06,0.12820691361858086,9.38282011117051e-06,0.02332939213492074,1.3417666371508485e-05,0.00035713879023464395,0.18657818,0.27202116,0.05774986,0.02287272,0.18196672
63,0.0187,0.00174,870,0.8,b,0.00035234371192396143,8.008629923383024e-07,0.5323598429701014,6.74299598121616e-05,0.13322310903552734,8.753049852184363e-06,0.0003891721399094841,0.25529339,4.64573837,0.05666041,0.02298188,0.25025011
64,0.0187,0.00174,870,0.8,b,0.0003511635828997534,1.6640601513832105e-06,0.13442098161639163,7.209881550996503e-06,0.026607619988837882,1.898007871631905e-05,0.00035130022255849624,0.19831688,0.29520332,0.05628149,0.02302046,0.19794246
65,0.0187,0.00174,870,0.8,b,0.00034994610839044214,3.5104913560023285e-07,0.53075893464508,6.945040509549368e-05,0.13250162197928972,8.466310198877208e-06,0.0003902371310742325,0.25520399,4.58641598,0.05589192,0.02306047,0.24964558
66,0.0187,0.00174,870,0.8,b,0.00034816198858134823,1.6361655983940838e-06,0.13393676628457352,8.47301665168985e-06,0.02632832435411615,1.944395272863036e-05,0.0003497555410193957,0.20095705,0.29057525,0.05532346,0.02311948,0.19657279
67,0.0187,0.00174,870,0.8,b,0.0003511694890199798,1.0258843996608945e-06,0.5299280089393352,8.095801642462111e-05,0.10749201459116084,6.4087073278901335e-06,0.0006967466953944649,0.25551754,4.5880503,0.05628338,0.02302027,0.20284267
68,0.0187,0.00174,870,0.8,b,0.00034940086838915413,1.6003283446719032e-06,0.13418162464040673,8.990393613018561e-06,0.026635111944066522,1.3194159161308693e-05,0.00035049569221029585,0.20148318,0.29267641,0.05571788,0.02307846,0.19850044
69,0.0187,0.00174,870,0.8,b,0.0003523005510899869,8.232241789714282e-07,0.5830220254099566,9.661782324746053e-05,0.1495894650768734,9.12484876414879e-06,0.0004420143351628797,0.26647619,5.57135577,0.05664653,0.02298329,0.25657601
70,0.0187,0.00174,870,0.8,b,0.0003520438425800381,1.873339266297295e-06,0.15329015053716347,5.218584040123398e-06,0.03225697253167476,1.1093684380314654e-05,0.0003536358285807109,0.21356589,0.38486011,0.05656401,0.02299167,0.21043082
71,0.0187,0.00174,870,0.8,b,0.0003540752676302693,1.976881544183877e-06,0.5907621856256844,0.00010196286393414353,0.1417102614623136,8.324856750658811e-06,0.0006013939827721986,0.26729138,5.74908349,0.05721868,0.02292562,0.239877
72,0.0187,0.00174,870,0.8,b,0.00035467262596962335,1.078780742023786e-06,0.15596916462246735,6.6631006009503424e-06,0.032129577171839285,9.420228816277506e-06,0.00035621509348566106,0.20899728,0.40140503,0.05741191,0.0229063,0.20599955
73,0.0187,0.00174,870,0.8,b,0.00035585608959090283,4.832797340099613e-07,0.5837149236392214,9.800720656313178e-05,0.1504083522587096,9.357684109930765e-06,0.00042807905879909265,0.26562173,5.64096808,0.05779569,0.02286818,0.25767433
74,0.0187,0.00174,870,0.8,b,0.000356416513784497,9.543761005665971e-07,0.15354430697195362,1.5925145824229256e-05,0.004306609798370687,3.368473314562467e-05,0.0004063185423690938,0.20570738,0.39093351,0.05797787,0.02285019,0.02804799
75,0.0187,0.00174,870,0.8,b,0.0003640924950543908,4.1410028254522256e-07,0.5922213984133886,7.198045727685085e-05,0.12825749765545333,5.877181182213143e-06,0.0007967311532785196,0.26665505,5.9409728,0.06050205,0.02260804,0.21657018
76,0.0187,0.00174,870,0.8,b,0.00035803779575317913,4.97714770386965e-07,0.5871646903615666,7.221126196619142e-05,0.12773296211889676,5.617661338819808e-06,0.0007719361350865568,0.26623101,5.74283559,0.05850654,0.0227984,0.21754197
77,0.0187,0.00174,870,0.8,b,0.00035814782933836053,1.209799044067498e-06,0.15442155094663387,1.3220453660411502e-05,0.031663787621956485,1.1348583211865915e-05,0.00036023642491768654,0.20919613,0.39733405,0.0585425,0.0227949,0.20504772
78,0.0187,0.00174,870,0.8,b,0.0003569411221154621,5.826827517363277e-07,0.5853473349989389,8.424924531554868e-05,0.12734032219386393,5.3470455616924564e-06,0.0007715845981592283,0.2665898,5.68985923,0.05814867,0.0228334,0.2175466
79,0.0187,0.00174,870,0.8,b,0.00035643102430235255,1.1719078927803863e-06,0.15379472726977872,1.4754926868650878e-05,0.03165539458945727,1.0414077349106604e-05,0.00035823996616001847,0.20944221,0.39222569,0.0579826,0.02284973,0.20582887
80,0.0187,0.00174,870,0.8,b,0.00035631022063723237,3.85633024110072e-07,0.6179259323262497,8.86994937454893e-05,0.13868929821801926,1.832094879664189e-05,0.0008099872722127437,0.27145242,6.32963649,0.0579433,0.0228536,0.22444324
81,0.0187,0.00174,870,0.8,b,0.0003576097974079364,1.1718810206337256e-06,0.1653539621126211,7.148465132020497e-06,0.0352720993845752,9.417491279516783e-06,0.00035878793539660154,0.21528519,0.45490034,0.05836674,0.02281204,0.2133127
82,0.0187,0.00174,870,0.8,b,0.0003562875963039064,5.608008804439382e-07,0.6133439067174306,0.00010557851197352848,0.13780714896580396,1.6220903661009917e-05,0.0008132471284347702,0.27260651,6.2357179,0.05793594,0.02285433,0.2246817
83,0.0187,0.00174,870,0.8,b,0.0003570500474728537,1.1997185633629528e-06,0.1639094837748222,8.00606625113602e-06,0.03431758535534726,8.824829838090109e-06,0.00035881728575428725,0.21242884,0.44628769,0.05818417,0.02282991,0.20936913
84,0.0187,0.00174,870,0.8,b,0.00035917521274305005,5.569130680169106e-07,0.6160902923009103,0.0001002879363025143,0.16470274915961283,1.7890770964081624e-05,0.00041467096321033274,0.27264779,6.34267904,0.05887886,0.02276227,0.26733541
85,0.0187,0.00174,870,0.8,b,0.0003600180915689551,1.2004518480529686e-06,0.1647747630559196,7.636869963970899e-06,0.034149883566225184,9.923366024800063e-06,0.0003603949942625639,0.20790795,0.45476116,0.05915552,0.02273561,0.20725191
86,0.0187,0.00174,870,0.8,b,0.00035756446977262883,4.2219406542244776e-07,0.6452833185481175,6.682262614964267e-05,0.14773575829306718,2.085959236863995e-05,0.0008484109206027548,0.27485467,6.9268037,0.05835195,0.02281349,0.22894712
87,0.0187,0.00174,870,0.8,b,0.0003590035456745755,1.2353944887410956e-06,0.17548169169608616,6.086979495924577e-06,0.03657796021280626,8.652122829454774e-06,0.00035960288257328143,0.20935715,0.51432781,0.05882259,0.02276772,0.20844317
88,0.0187,0.00174,870,0.8,b,0.0003555377835114552,6.922676932505721e-07,0.639817929653926,8.07869462720057e-05,0.17390598007637767,2.2616806905747265e-05,0.00041153971936254186,0.2766988,6.77136492,0.05769234,0.02287842,0.27180542
89,0.0187,0.00174,870,0.8,b,0.00035586898591238804,1.3945334395291629e-06,0.17288359111278276,6.474672693326365e-06,0.03595602855148343,9.875464649148795e-06,0.00035791327870541564,0.21117978,0.49485201,0.05779988,0.02286777,0.20797826
90,0.0187,0.00174,870,0.8,b,0.00035475294186314277,6.951705042858292e-07,0.6409410587675328,9.314780580481124e-05,0.14751743961073385,2.0237107773441948e-05,0.0008325430012352424,0.27530289,6.78015838,0.05743791,0.02290371,0.23015757
91,0.0187,0.00174,870,0.8,b,0.0003554285597017539,1.3485103127472254e-06,0.173289963170107,6.9144276357258494e-06,0.03644726099366221,9.83146342877287e-06,0.00035608787739352783,0.21134686,0.49656578,0.0576569,0.02288193,0.21032529
92,0.0187,0.00174,870,0.8,b,0.0003578861166067054,7.659944251789901e-07,0.6729531736873533,0.00010667538257930117,0.1566316084672674,3.0109314477764944e-05,0.0008900402408079735,0.27790082,7.54036187,0.05845698,0.02280323,0.23275261
93,0.0187,0.00174,870,0.8,b,0.0003576141069810915,6.704582938873345e-07,0.18277533618443745,2.228743668163452e-05,0.03949074767612365,8.082435236427541e-06,0.00035946034691247415,0.21855654,0.55581143,0.05836815,0.0228119,0.21606169
94,0.0187,0.00174,870,0.8,b,0.00035549764451300116,8.227496245395788e-07,0.6664342211049983,0.00011880577075794354,0.15596250036761705,2.888070490267891e-05,0.0008654015478656196,0.27801668,7.34562838,0.05767932,0.02287971,0.23402535
95,0.0187,0.00174,870,0.8,b,0.00035641760597380405,1.1709050517096458e-06,0.18242366593184225,1.0756607758760668e-05,0.03780416770606666,1.1112737902456873e-05,0.00035686627269724056,0.20787005,0.55182218,0.05797823,0.02285016,0.2072328
96,0.0187,0.00174,870,0.8,b,0.00035760529369240193,5.716864214197704e-07,0.6666627660786332,7.491218073369836e-05,0.18413229803142342,2.7383842391170232e-05,0.00040205385458728926,0.27972965,7.39424753,0.05836527,0.02281218,0.27620006
97,0.0187,0.00174,870,0.8,b,0.0003586652289045675,1.0308205712229496e-06,0.18226408749180695,6.9776671900548885e-06,0.03839691868754744,9.550894979498282e-06,0.0003587940235776804,0.21084686,0.55433096,0.05871177,0.02277845,0.2106664
98,0.0187,0.00174,870,0.8,b,0.00017018033341580516,2.9238604670713433e-07,0.13201102945086887,1.1616238563973982e-05,0.05501668767495733,1.116787265041721e-05,0.00017039944766492459,0.41705412,0.13797724,0.01321799,0.03306847,0.41675827
99,0.0187,0.00174,870,0.8,b,0.00017089551764859983,1.5538981893563526e-07,0.052171625607933605,2.101150110444497e-05,0.018830353100709032,5.275422064805147e-05,0.00017643230140835741,0.41253084,0.02164099,0.01332932,0.03299921,0.36093093
100,0.0187,0.00174,870,0.8,b,0.0003573176581223326,5.051424863711137e-07,0.6834233376029346,8.763104121946313e-05,0.16069166703835788,3.0393867016080684e-05,0.0008840760508863394,0.27823083,7.76446855,0.05827142,0.02282136,0.23512757
101,0.0187,0.00174,870,0.8,b,0.0003585012118197366,9.165854917357943e-07,0.1881556689551835,1.364554897984588e-05,0.03918712910913416,7.085713342346832e-06,0.00036075147096185234,0.21124243,0.59047687,0.05865809,0.02278366,0.20826972
102,0.0187,0.00174,870,0.8,b,0.00035388483896997834,8.679297104623194e-07,0.6771003499316439,0.00012297420030342443,0.18714914244249453,2.809837765371868e-05,0.0004136992010829388,0.28099035,7.54823964,0.05715715,0.02293178,0.27639794
103,0.0187,0.00174,870,0.8,b,0.00035399546164554315,1.1361400682438018e-06,0.18673641168531038,1.717886853294943e-05,0.03916256323099776,7.408562135614193e-06,0.00035671367611485506,0.21333623,0.57429278,0.05719289,0.0229282,0.20972109
104,0.0187,0.00174,870,0.6,b,0.00033375591859458747,3.0612217382028943e-06,0.14682506201552575,2.3609733758144966e-05,0.032245323202520555,1.0624812233964025e-05,0.00033429907219819315,0.22073987,0.33473953,0.05083989,0.02361317,0.2196173
105,0.0187,0.00174,870,0.6,b,0.00015488430579190313,2.4025344708082204e-07,0.1362068740836998,1.020272141060745e-05,0.035643642773300684,9.17135620012558e-06,0.000254079520633107,0.41639438,0.13368513,0.01094867,0.03466292,0.26168755
106,0.0187,0.00174,870,0.6,b,0.00015473000227993723,1.4044822606889958e-07,0.05432743448072293,1.321774810632041e-05,0.022075917781499185,2.0137057374649923e-05,0.00015823245027782982,0.4340535,0.02124666,0.01092687,0.0346802,0.40634935
107,0.0187,0.00174,870,0.6,b,0.000155695698092271,2.3097043438356272e-07,0.13631087061338804,7.950845750036709e-06,0.05566714133820506,8.465693023304407e-06,0.00015868038614655068,0.41222435,0.13459076,0.01106369,0.03457248,0.40838373
108,0.0187,0.00174,870,0.6,b,0.00015556276448842294,1.6279903993053675e-07,0.054079931523501955,1.2236453432728572e-05,0.02148232843773462,1.8654315369715468e-05,0.00016249301356266414,0.45197976,0.02116682,0.0110448,0.03458725,0.39723291
109,0.0187,0.00174,870,0.6,b,0.00033508338838935097,2.8001744888450955e-06,0.1962607895906629,1.7716256271599225e-05,0.045183472174677095,8.068223449405763e-06,0.00033713515624668347,0.2324803,0.60047873,0.05124511,0.02356635,0.2302216
110,0.0187,0.00174,870,0.6,b,0.00033073170675979724,1.6111190292711835e-06,0.21444264155375134,1.704516120633523e-05,0.04995288390719602,6.618070054050789e-06,0.0003328323923456439,0.23485878,0.70758037,0.04992273,0.02372089,0.23294287
111,0.0187,0.00174,870,0.6,b,0.0003319045682887419,2.1648313490595e-06,0.20876450554573903,1.4510182737569697e-05,0.04807177485429446,4.6789250073349795e-06,0.0003353649318642343,0.23362601,0.67298316,0.05027744,0.02367894,0.23026795
112,0.0187,0.00174,870,0.6,b,0.00033189647913334225,1.8213199288674823e-06,0.2470893441672082,2.1114447322502995e-05,0.05722386324222435,5.101829385318128e-06,0.00033416635250734867,0.23316132,0.94273216,0.05027498,0.02367923,0.23159179
113,0.0187,0.00174,870,0.6,b,0.00033137379075562026,1.5749117385685558e-06,0.248061941747364,2.2946750631102872e-05,0.056643577541289215,4.906985790446799e-06,0.00033481835302048927,0.23073683,0.94867199,0.05011676,0.02369789,0.22834449
114,0.0187,0.00174,870,0.6,b,0.0003343399423003131,2.2328382040423658e-06,0.2405773444673817,1.8457143339402965e-05,0.05516828508231926,5.9965358936562e-06,0.0003361459999942731,0.23064727,0.90027536,0.05101797,0.02359254,0.22931621
115,0.0187,0.00174,870,0.6,b,0.00032991660834820377,1.2892981612469797e-06,0.28422856703524935,2.6184085122435144e-05,0.0654720307845592,5.39478506586203e-06,0.00033060583067321986,0.23071298,1.23998741,0.04967696,0.02375017,0.23034993
116,0.0187,0.00174,870,0.6,b,0.0003332521747470718,1.473143000154826e-06,0.2788984466982823,2.9936146996148404e-05,0.06318686496255338,5.063897194610251e-06,0.0003357980765927399,0.2279715,1.20598756,0.05068654,0.02363101,0.22655868
117,0.0187,0.00174,870,0.6,b,0.0003276319350317966,7.535343860808148e-07,0.2903677989259372,2.698992271730407e-05,0.06640828595075311,5.1898083105659905e-06,0.00033113123969534975,0.2304774,1.28517059,0.04899132,0.02383283,0.22870403
118,0.0187,0.00174,870,0.6,b,0.0003303321089661933,1.0874764188417735e-06,0.3114354233581704,2.8940742232037355e-05,0.070350717953599,5.1285990643370856e-06,0.00033458530206648184,0.22778822,1.49061145,0.04980217,0.02373523,0.22589183
119,0.0187,0.00174,870,0.6,b,0.0003342132682387125,9.567907875721276e-07,0.31082539155985944,4.2539528059117755e-05,0.07125794174345634,5.3093889881222275e-06,0.0003351239885296751,0.22965694,1.50222267,0.05097932,0.02359701,0.22925393
120,0.0187,0.00174,870,0.6,b,0.0003302478982585447,7.449554459405594e-07,0.31365333982611626,3.381769223916346e-05,0.07155858874505282,4.91020856036363e-06,0.0003329837128628281,0.22933811,1.51153268,0.04977678,0.02373825,0.22814547
121,0.0187,0.00174,870,0.6,b,0.00033163758498397583,1.4882073305503147e-06,0.08257558919889431,7.522569427250299e-06,0.009230304383430336,4.9326183628476555e-05,0.00033233316870679206,0.1204003,0.10520703,0.05019658,0.02368847,0.11178006
122,0.0187,0.00174,870,0.6,b,0.0003295522604825154,3.1887737175468825e-07,0.36959000128004155,6.16742616985969e-05,0.08613215295164091,5.174038116436706e-06,0.00033221218596194443,0.2338661,2.09431676,0.0495673,0.0237633,0.23304784
123,0.0187,0.00174,870,0.6,b,0.00032995113750299216,1.103000404564715e-06,0.08345864763251515,2.567721876599359e-05,0.011458030159666066,2.9451991228391207e-05,0.000330446052379089,0.14227648,0.10692271,0.04968736,0.02374893,0.13728991
124,0.0187,0.00174,870,0.6,b,0.0003332809511293336,6.56364845662033e-07,0.36636195192668647,3.854113316837154e-05,0.07586826494259132,6.576062444807902e-06,0.00040425137114264326,0.23077835,2.08117628,0.05069529,0.02362999,0.20708555
125,0.0187,0.00174,870,0.6,b,0.0003338316249099598,1.2963072030272342e-06,0.08231673389528288,8.176678691036953e-06,0.005033232292528396,4.9380579493911216e-05,0.0003346609673962384,0.07835835,0.10524013,0.05086296,0.02361049,0.0611447
126,0.0187,0.00174,870,0.6,b,0.00032981305050529334,4.86451110832426e-07,0.3924930568281002,5.069554038305294e-05,0.09087714163162507,6.413101256303374e-06,0.00033406451200129354,0.23270456,2.36379299,0.04964578,0.0237539,0.23153821
127,0.0187,0.00174,870,0.6,b,0.0003295132519341649,1.060755256113908e-06,0.08977260919449344,3.720416501993038e-05,0.01482654709021341,3.13833432670411e-05,0.0003296194913865438,0.16593786,0.12354871,0.04955556,0.0237647,0.16515669
128,0.0187,0.00174,870,0.6,b,0.0003302818070456164,5.60227401425111e-07,0.3924018928018574,5.409087768728718e-05,0.08407587121601073,5.641863553620666e-06,0.0003942726878621685,0.23250995,2.36605309,0.049787,0.02373704,0.2142596
129,0.0187,0.00174,870,0.6,b,0.0003304989974101749,1.5549102786185964e-06,0.09033491273776079,6.6141884052438365e-06,0.014133433172877971,3.118871393592837e-05,0.00033089286102455054,0.15945352,0.12547553,0.0498525,0.02372924,0.15645593
130,0.0187,0.00174,870,0.6,b,0.00033239723126736676,4.702760399614987e-07,0.3898302474959963,7.040039270544876e-05,0.09024439932642313,5.474506689070802e-06,0.00033750373316388915,0.23291626,2.35009875,0.0504268,0.02366138,0.23149666
131,0.0187,0.00174,870,0.6,b,0.0003324050286665923,1.5723697914962914e-06,0.08939117922475658,7.421479336904768e-06,0.014319852392008442,2.7562842710774892e-05,0.00033328104385044855,0.16677153,0.12357612,0.05042917,0.02366111,0.16019313
132,0.0187,0.00174,870,0.6,b,0.0003345633177998412,8.294793973223285e-07,0.43118492502209904,7.799007143620116e-05,0.0995794786835456,6.796781297202111e-06,0.00037012406096329105,0.23893037,2.89389724,0.05108616,0.02358466,0.23094379
133,0.0187,0.00174,870,0.6,b,0.0003347442753203992,1.4417723735966078e-06,0.10126260475618287,7.5087304426843026e-06,0.0151042556947599,2.2374354053032483e-05,0.0003372233231802512,0.16429194,0.15969415,0.05114144,0.02357829,0.14915926
134,0.0187,0.00174,870,0.6,b,0.00033525037496359516,4.3640308535503194e-07,0.4356734688499895,9.686545943777278e-05,0.09764593239971839,7.28143951197489e-06,0.00040645065760059864,0.239984,2.96052781,0.0512962,0.02356048,0.22412641
135,0.0187,0.00174,870,0.6,b,0.0003353947403127623,1.4705852763247587e-06,0.1019838026283841,7.609310940899797e-06,0.01936116584310969,1.8769061205246572e-05,0.0003362601732175139,0.1940976,0.1622917,0.05134039,0.02355541,0.1898455
136,0.0187,0.00174,870,0.6,b,0.00033550101060796794,5.711925601695367e-07,0.44059034719865553,6.774694751438615e-05,0.10491478699192607,6.654710670152655e-06,0.00034250508270538676,0.23960504,3.02999167,0.05137293,0.02355168,0.23812321
137,0.0187,0.00174,870,0.6,b,0.00033667806269469154,1.2310407071717972e-06,0.10379519326515234,9.362061258423018e-06,0.020247623331657052,1.602257873809049e-05,0.00033692372261149846,0.1962162,0.16875123,0.05173403,0.02351048,0.19507284
138,0.0187,0.00174,870,0.6,b,0.00033269060635474014,4.2563956315176834e-07,0.5093863930499661,0.00014589778888502973,0.12634622981225152,1.1356662538755887e-05,0.00035845699756935443,0.25193299,4.01617718,0.05051586,0.02365095,0.24803613
139,0.0187,0.00174,870,0.6,b,0.00033334997297996817,1.3055429863315921e-06,0.1271800479596386,8.186030883403884e-06,0.027082571845828626,1.4465320514825733e-05,0.0003334620128933039,0.21326557,0.25085112,0.05071629,0.02362755,0.2129467
140,0.0187,0.00174,870,0.6,b,0.0003341934793876341,6.386696754666954e-07,0.5088344247840194,8.267881127428256e-05,0.1182129102677831,8.767858825446366e-06,0.00045232402448595204,0.25084815,4.02558118,0.05097328,0.02359771,0.23232098
141,0.0187,0.00174,870,0.6,b,0.0003350791685242577,1.7963418602159397e-06,0.1266018110357989,3.818087201078554e-06,0.027302179388511205,1.4154299928230422e-05,0.00033565824238808054,0.21729121,0.2498647,0.05124382,0.0235665,0.21565394
142,0.0187,0.00174,870,0.6,b,0.00033330765352390277,4.315488424958763e-07,0.5107798573581779,7.923648358015788e-05,0.12037266900368233,1.0650907783238655e-05,0.00044231297215081443,0.25245832,4.04567002,0.05070342,0.02362905,0.23566448
143,0.0187,0.00174,870,0.6,b,0.0003336530196115577,1.312946335507981e-06,0.1275057340718421,9.917361099640305e-06,0.027039938570735444,1.0157267391394164e-05,0.00033501443733590665,0.21590736,0.25236675,0.05080855,0.02361681,0.21206841
144,0.0187,0.00174,870,0.6,b,0.00033159205879204954,5.587103288887672e-07,0.5834455141748479,0.00021133111759483254,0.12949941927671324,4.22048370108495e-05,0.0007372068414631879,0.26952341,5.251488,0.0501828,0.02369009,0.22195632
145,0.0187,0.00174,870,0.6,b,0.00033289681383718146,9.044559559446113e-07,0.1550191932688938,1.142205996786021e-05,0.036330952537542205,1.0085084285516384e-05,0.0003336578858329245,0.23568615,0.37218445,0.0505785,0.02364362,0.23436422
146,0.0187,0.00174,870,0.6,b,0.00032876549033277266,5.214848924668271e-07,0.5818656833239308,9.029711922590398e-05,0.1287372232887422,2.8352516981612416e-05,0.0007140397256659311,0.26697899,5.17856414,0.04933091,0.02379171,0.22124904
147,0.0187,0.00174,870,0.6,b,0.0003293697231709001,9.002579953182324e-07,0.15366979627028404,1.312638050422982e-05,0.03632397007656687,8.712290845826908e-06,0.0003295248288261032,0.23664921,0.36185814,0.0495124,0.02376988,0.23637677
148,0.0187,0.00174,870,0.6,b,0.0003300004487078709,6.300923381738221e-07,0.5924205237745995,9.181402457263823e-05,0.13173580110516683,2.981000688694452e-05,0.0007345559621924397,0.26844723,5.38830745,0.04970221,0.02374715,0.22236873
149,0.0187,0.00174,870,0.6,b,0.00033084729235065144,8.817184137454899e-07,0.15683296978090572,1.1277999690944133e-05,0.03689537619122393,6.754958404911106e-06,0.000331469957387564,0.23630596,0.37859944,0.04995763,0.02371674,0.23525268
150,0.0187,0.00174,870,0.6,b,0.0003205553438005213,8.480954728311982e-07,0.5636209862857351,0.00014549696293710877,0.14723300960540872,2.2487664112194782e-05,0.000340603066040933,0.26358629,4.73756278,0.04689782,0.02409447,0.26122698
151,0.0187,0.00174,870,0.6,b,0.00032183151828857283,1.095209392506416e-06,0.14610665291450625,1.2478065074539839e-05,0.03555073012180082,6.4416088299735475e-06,0.0003218477510543539,0.24335106,0.31962902,0.04727198,0.02404665,0.24332041
152,0.0187,0.00174,870,0.6,b,0.00031641102906841543,9.023011098063065e-07,0.6159104112236957,0.00017322949075107306,0.16610354125365248,2.992253122595853e-05,0.00035328123928196826,0.27320043,5.58424353,0.04569302,0.02425175,0.26968783
153,0.0187,0.00174,870,0.6,b,0.0003179750170130709,1.1119502923164219e-06,0.16418581636547955,1.425182384676105e-05,0.04000681595765042,6.306107433103128e-06,0.0003197776948013129,0.24634547,0.39878785,0.04614585,0.02419203,0.24366792
154,0.0187,0.00174,870,0.6,b,0.00031698738813496364,1.0591957116985273e-06,0.6145235566343129,0.00020366922624327137,0.16620835161092526,8.062718252905028e-05,0.00036582440450602866,0.27511761,5.56924983,0.04585964,0.02422969,0.27046701
155,0.0187,0.00174,870,0.6,b,0.0003172834655396236,1.3102316208589307e-06,0.15958964039694315,1.5900486830280245e-05,0.03921906311437027,1.0171727783427942e-05,0.00031821616186971925,0.24720697,0.3759538,0.04594535,0.02421838,0.24574943
156,0.0187,0.00174,870,0.6,b,0.0001473700041280803,1.1271347646920711e-06,0.13416626251290054,1.5196797131143377e-05,0.05583893154767438,1.2750973619462877e-05,0.0001559132239462768,0.42723252,0.12341655,0.00991208,0.03553565,0.41619205
157,0.0187,0.00174,870,0.6,b,0.0001479441804038379,1.5361436547604002e-07,0.05409583917473378,1.159228414651689e-05,0.02150604846624549,3.177375233001125e-05,0.00015144080158563497,0.42601996,0.02014203,0.00998947,0.03546663,0.39755458
158,0.0187,0.00174,870,0.6,b,0.00014808940536675477,8.851816487743699e-07,0.1350159825750242,1.6714689194991668e-05,0.04146713950533444,9.1276342146242e-06,0.0002327419083611275,0.430625,0.1255949,0.01000909,0.03544923,0.30712764
159,0.0187,0.00174,870,0.6,b,0.0003132260464539343,1.2961234619811778e-06,0.612413274336788,0.00023433334822575168,0.1655501746029192,3.197719401979414e-05,0.0003594020995534207,0.27475593,5.46543466,0.04477776,0.02437473,0.27032428
160,0.0187,0.00174,870,0.6,b,0.00032260815076092496,1.0404727819388713e-06,0.6618640956212802,0.00022871907060961852,0.18225751218916317,4.553879492971327e-05,0.0003779909090855648,0.27983766,6.57492233,0.04750041,0.02401769,0.27536999
161,0.0187,0.00174,870,0.6,b,0.0003239022655434683,1.1145117390650434e-06,0.1809461172815824,2.1138353923433387e-05,0.04287377230652288,6.002070503682185e-06,0.0003260200868228937,0.23960528,0.4933898,0.04788226,0.02396966,0.23694221
162,0.0187,0.00174,870,0.6,b,0.0003164182826758947,9.90462310055066e-07,0.6625431520217075,0.00019922539536500132,0.1832919186849437,4.059890387771228e-05,0.0003540381790622359,0.27967151,6.46200894,0.04569512,0.02425147,0.27664903
163,0.0187,0.00174,870,0.6,b,0.00031783066432893486,1.128517223144274e-06,0.18064149589057046,2.105267640370239e-05,0.04368005302822092,6.836097591907449e-06,0.0003207321984711765,0.2453861,0.48251241,0.04610396,0.02419752,0.2418052
164,0.0187,0.00174,870,0.6,b,0.00015050903590328854,7.430040376971911e-07,0.1352885753752298,1.6217063611205503e-05,0.05667443529019147,1.0324569446499415e-05,0.0001517121252049966,0.42045163,0.12816294,0.01033884,0.03516313,0.41891516
165,0.0187,0.00174,870,0.6,b,0.0001508913188282514,1.9219238947463093e-07,0.05440236383476395,1.1404662348038734e-05,0.020420209061542665,2.7328093401828945e-05,0.00016052779634975775,0.4525196,0.02077674,0.01039143,0.03511856,0.37535518
166,0.0187,0.00174,870,0.6,b,0.00015256312938491468,8.312596693197548e-07,0.1323837138664591,1.8829136951239624e-05,0.05543580246424034,9.749278480609496e-06,0.00015504522469018595,0.42205578,0.12439312,0.01062297,0.03492561,0.41875092
167,0.0187,0.00174,870,0.6,b,0.00015338102900441683,1.4111631925230994e-07,0.05294439146271691,2.3039291161636868e-05,0.0185406958093546,2.3505058706474743e-05,0.00016191473849411862,0.4270421,0.02000273,0.01073717,0.03483237,0.35019188
168,0.0187,0.00174,870,0.6,b,0.0003217734513534057,1.056067446979561e-06,0.6639768917536004,0.00022698376832907483,0.15648765649270188,5.043689844344136e-05,0.000809741116433679,0.27796115,6.59984574,0.04725492,0.02404882,0.23568238
169,0.0187,0.00174,870,0.6,b,0.00032320341944723453,1.1176923522922828e-06,0.18121293767149785,1.902130518492647e-05,-0.0005054556044905211,3.407974935594469e-05,0.00042231178421545015,0.24335708,0.49377829,0.04767586,0.02399556,-0.00278929
170,0.0187,0.00174,870,0.6,b,0.0003183635647971741,4.102211884847803e-07,0.6585686954277873,0.0005719449386034096,0.18481316618162394,4.40170379197728e-05,0.0003707705489070066,0.28482121,6.42396507,0.04625869,0.02417726,0.28062853
171,0.0187,0.00174,870,0.6,b,0.00032120569173542905,1.1429091422163638e-06,0.1824743521404696,2.108432841261331e-05,0.04295201191192927,5.873079268848269e-06,0.00032228828059875696,0.23673772,0.49758186,0.04708831,0.02407006,0.23538657
172,0.0187,0.00174,870,0.6,b,0.00032389123672813957,1.0963371189815369e-06,0.665822211787346,0.00024378227038622402,0.1846727569244482,4.6124412083992744e-05,0.0003773562250963419,0.28159373,6.68026056,0.047879,0.02397007,0.27736046
173,0.0187,0.00174,870,0.6,b,0.0003253822214844811,1.1707939198127297e-06,0.1826695355240464,2.1873176063170745e-05,0.042435606083901234,9.766852162578332e-06,0.00032797817049773294,0.23557041,0.50513064,0.04832082,0.02391508,0.23230806
174,0.0187,0.00174,870,0.6,b,0.00032391723596533045,7.604262487710352e-07,0.6779604708310871,0.00021417108774842634,0.16237118643635973,5.738121050800118e-05,0.0008066737690934935,0.27922603,6.92660543,0.04788668,0.0239691,0.23949949
175,0.0187,0.00174,870,0.6,b,0.0003266923933890391,8.214052998047523e-07,0.18668068342021404,1.6230410580926922e-05,0.043955152229434705,6.982881758860003e-06,0.0003290747691421497,0.23828753,0.52968227,0.04871074,0.02386708,0.23545635
176,0.0187,0.00174,870,0.6,b,0.00015635703014293365,3.909303332857875e-07,0.1346971383570949,1.5256412736176524e-05,0.05538955842036262,1.0639891444080074e-05,0.00015957717498233387,0.41542805,0.13198112,0.01115787,0.03449929,0.41121555
177,0.0187,0.00174,870,0.6,b,0.00015690455468994296,1.3465169243027612e-07,0.05419407337278904,9.594232148247113e-06,0.021650282755462512,2.35856387622041e-05,0.00016187627844524384,0.43910037,0.02143961,0.01123616,0.03443904,0.3994954
178,0.0187,0.00174,870,0.6,b,0.0003172064719883027,1.126241521547127e-06,0.6770574953713359,0.00022359032154757109,0.18872630931404022,4.446162609939021e-05,0.000353568815651593,0.2815227,6.7650465,0.04592305,0.02422132,0.27874488
179,0.0187,0.00174,870,0.6,b,0.000318822634523363,1.149041864213963e-06,0.18502415106491787,2.1687155976644175e-05,0.044289936363488325,7.03846150846574e-06,0.000320583887748847,0.24147303,0.5077894,0.0463922,0.02415985,0.23937381
180,0.0187,0.00174,870,0.6,b,0.00015012760932849105,6.673967191760394e-07,0.13072853831320816,2.2334405560336992e-05,0.0551952347764756,9.455289474698086e-06,0.0001533410256399334,0.42655904,0.11936556,0.0102865,0.03520777,0.42221259
181,0.0187,0.00174,870,0.6,b,0.00032206277546596615,1.1194807485948315e-06,0.6689752020274706,0.00023871067405858287,0.18641261989971913,4.5612363137670145e-05,0.0003669366901777907,0.28216195,6.70560884,0.04733994,0.02403801,0.27865401
182,0.0187,0.00174,870,0.6,b,0.00032273493369297995,1.2859559849856495e-06,0.18327037317912714,2.48894340198411e-05,0.043348868773233906,6.837030411929774e-06,0.00032383165173598317,0.23787998,0.50432228,0.04753775,0.02401297,0.2365296
183,0.0187,0.00174,870,0.6,b,0.0003258249678563982,1.0157254224826787e-06,0.6749691019859735,0.00022393552205685123,0.16013559088444562,5.3755084158327194e-05,0.0008123320059051722,0.27791857,6.90605118,0.04845241,0.02389883,0.23724877
184,0.0187,0.00174,870,0.6,b,0.0003270456200551912,1.1593231938064292e-06,0.18470433182348148,2.132217925877073e-05,0.04301286918942526,5.995682842648531e-06,0.0003297734637867642,0.23621848,0.51908699,0.04881613,0.02385419,0.23287418
185,0.0187,0.00174,870,0.6,b,0.0001531439059288398,6.731163227704295e-07,0.13368542405775036,1.3853713365887957e-05,0.055310567805536094,1.0088677380861976e-05,0.00015455769182096544,0.41560817,0.12733432,0.010704,0.03485932,0.41373671
186,0.0187,0.00174,870,0.6,b,0.0001534861935901628,1.690941006525253e-07,0.05381300916027868,1.026013543381512e-05,0.0195545761917886,1.5350627283344764e-05,0.0001629061478219283,0.44256921,0.02067862,0.0107519,0.03482043,0.36338009
187,0.0187,0.00174,870,0.6,b,0.0003217709082030854,8.008783217249079e-07,0.6795920809040955,0.00019236546861386682,0.18989633710500692,4.657998102924093e-05,0.0003670159699039397,0.28284537,6.91386733,0.04725418,0.02404891,0.27942694
188,0.0187,0.00174,870,0.6,b,0.0003238622626189803,8.978951914185353e-07,0.18664763888159888,1.8146067503161317e-05,0.045060351602901165,6.523042851490996e-06,0.00032394462407457815,0.2415154,0.52490776,0.04787043,0.02397114,0.24141935
189,0.0187,0.00174,870,0.4,b,0.0002257784768140519,2.016151241539004e-06,0.2139346307354357,8.69756034694214e-05,0.0685254940066318,7.166034283248217e-06,0.00023087082916603473,0.32370014,0.4807534,0.02326546,0.02870963,0.32031043
190,0.0187,0.00174,870,0.4,b,0.00022585717704817993,4.5435401264959855e-07,0.06654431211466538,9.898614335612694e-06,0.02304785574174184,1.716860283799142e-05,0.0002296626814855101,0.36989456,0.04653004,0.02328169,0.02870462,0.34635351
191,0.0187,0.00174,870,0.4,b,0.0002265124796660122,1.9888619137831166e-06,0.2083517070584647,7.511825578456774e-05,0.06721755756842754,5.217346517669384e-06,0.00023265743932270302,0.32689184,0.45747136,0.02341698,0.02866307,0.32261582
192,0.0187,0.00174,870,0.4,b,0.00022600822494107435,3.2231736299931984e-07,0.06576869906899555,9.743399186945829e-06,0.02232344451004673,1.875146760626671e-05,0.00023263490340207557,0.38113788,0.04548209,0.02331284,0.02869503,0.33942354
193,0.0187,0.00174,870,0.4,b,0.00022594451051506886,2.1261415199922646e-06,0.21215114736091098,8.308134515950029e-05,0.06860568043832985,5.698958701211362e-06,0.00022795519068795968,0.32473352,0.4731188,0.0232997,0.02869908,0.32338114
194,0.0187,0.00174,870,0.4,b,0.00022447590456693367,1.76411917520859e-06,0.06613996085128554,8.242872907441008e-06,0.02277844156476618,2.370431593943525e-05,0.00023290491452962318,0.39549279,0.04568517,0.02299779,0.0287928,0.34439757
195,0.0187,0.00174,870,0.4,b,0.00022471390110220045,1.362132161598005e-06,0.2848435781892889,9.442322942639632e-05,0.077618090343052,3.6726502027293076e-06,0.00026328748437868247,0.28910304,0.84824333,0.02304658,0.02877755,0.27249373
196,0.0187,0.00174,870,0.4,b,0.00022432955739624654,3.514962917408767e-07,0.08066742758517086,1.2715985795009617e-05,0.02835542796138452,1.2467311042253832e-05,0.00023112871722462291,0.3795519,0.0679142,0.02296781,0.02880219,0.35151025
197,0.0187,0.00174,870,0.4,b,0.000229407262953803,4.960807482312034e-07,0.2275609126230641,4.14331157732526e-05,0.07073527781667224,5.331194646462224e-06,0.0002320685494920872,0.31245877,0.55268814,0.02401934,0.02848166,0.31084107
198,0.0187,0.00174,870,0.4,b,0.00022878277584909693,4.2515466335998e-07,0.0687361800761113,8.613158827219875e-06,0.024477350314896968,1.678190352868472e-05,0.00023113831905035006,0.36958508,0.05028886,0.02388874,0.0285205,0.35610577
199,0.0187,0.00174,870,0.4,b,0.00022821118611788,2.62502989031063e-06,0.2299056599505194,4.7425567513395226e-05,0.07078501781565832,4.325150778695859e-06,0.00023230851681923313,0.3103473,0.56119514,0.02376953,0.0285562,0.30788723
200,0.0187,0.00174,870,0.4,b,0.00022821118611788,4.366104772119979e-07,0.06964451541323234,9.441259622661446e-06,0.02467257203726183,1.5732970414201105e-05,0.00022946500074856518,0.36135165,0.05149777,0.02376953,0.0285562,0.35426439
201,0.0187,0.00174,870,0.4,b,0.00022983016036594238,4.378439483096756e-07,0.2684110979479736,6.33769438409293e-05,0.07553613231774915,3.6829503743793775e-06,0.00025832084621969586,0.29488283,0.77034559,0.02410797,0.02845544,0.28141956
202,0.0187,0.00174,870,0.4,b,0.0002292836861098674,1.705131850367471e-07,0.07658291191599924,1.0565946219936707e-05,0.0283633282064213,1.3303058401595161e-05,0.00023331770617722296,0.38815245,0.06256257,0.02399346,0.02848933,0.37036106
203,0.0187,0.00174,870,0.4,b,0.0002290131312071769,5.975088606411367e-07,0.3000450165975184,7.849103228786032e-05,0.0804198094417065,6.868539927060944e-06,0.0002624009976014396,0.28127248,0.95920375,0.02393687,0.02850615,0.26802581
204,0.0187,0.00174,870,0.4,b,0.0002290131312071769,5.975088606411367e-07,0.08159176213623621,1.1461223922372607e-05,0.030555333439222124,9.896144734245317e-06,0.00022987228535325255,0.377856,0.07093011,0.02393687,0.02850615,0.37449042
205,0.0187,0.00174,870,0.4,b,0.00022809950485123227,4.04195142650438e-07,0.07775912870169682,1.2293710293402223e-05,0.028505562666466575,1.1650689768254333e-05,0.0002310678126717903,0.3794977,0.06416597,0.02374627,0.02856319,0.36658799
206,0.0187,0.00174,870,0.4,b,0.00023018932258125349,5.348257889296486e-07,0.30306225644454615,7.915429885503521e-05,0.08064943145335365,6.042325772905003e-06,0.00025866072052803374,0.27730704,0.98361813,0.02418338,0.02843323,0.26611506
207,0.0187,0.00174,870,0.4,b,0.0002295774218242892,4.0998485623850966e-07,0.08267271559286447,1.2000582671637671e-05,0.030250969534332456,9.461199435755479e-06,0.00022994111886545093,0.36733622,0.07300141,0.02405498,0.0284711,0.36591237
208,0.0187,0.00174,870,0.4,b,0.00022876858798860566,5.151809078679052e-07,0.29750353318075984,9.304853463561369e-05,0.08070079770627052,6.641098269686022e-06,0.0002599809293792208,0.28372686,0.94201603,0.02388578,0.02852139,0.27125996
209,0.0187,0.00174,870,0.4,b,0.0002282762295627311,5.950757377609193e-07,0.08279636362982805,1.2596517865570026e-05,0.030816100830429547,1.0498330309220581e-05,0.00023070307765932736,0.38140824,0.07280494,0.02378308,0.02855213,0.37219148
210,0.0187,0.00174,870,0.4,b,0.00023092045378526744,4.2094515370202807e-07,0.29787718555819537,8.414302002375541e-05,0.07159142424417812,7.372309313246433e-06,0.00032622141066678044,0.28077657,0.95326694,0.02433725,0.02838818,0.24033873
211,0.0187,0.00174,870,0.4,b,0.00023083237149483358,6.087482881096509e-07,0.08296926807337726,1.198084823546801e-05,0.029789348514052676,1.3638325363969557e-05,0.0002339568613122348,0.37123505,0.07392799,0.02431868,0.0283936,0.35904075
212,0.0187,0.00174,870,0.4,b,0.0002294024104560945,4.371947996877058e-07,0.3233457690061227,0.00010179541257866291,-0.016228725833052293,1.1054924611972784e-05,0.0006181145816219664,0.27470634,1.11586072,0.02401832,0.02848196,-0.05019001
213,0.0187,0.00174,870,0.4,b,0.0002279362690484487,1.71370839431176e-06,0.08666709204849861,1.1649779428367771e-05,0.03195998422930375,1.2203281953265385e-05,0.00022972790834592402,0.37505896,0.07965252,0.02371229,0.02857341,0.36876724
214,0.0187,0.00174,870,0.4,b,0.00023205217175113326,3.5829555125738137e-07,0.32381794436912725,7.825365718252185e-05,0.08479064646894059,5.750445098058544e-06,0.00026759370638026905,0.27425144,1.13204869,0.02457638,0.02831888,0.26184666
215,0.0187,0.00174,870,0.4,b,0.00023205956069891564,3.9879175966932e-07,0.08689186137125687,1.2037029048753258e-05,0.031917405080944664,9.58917971444821e-06,0.0002353440718015092,0.3787632,0.08151458,0.02457795,0.02831842,0.3673233
216,0.0187,0.00174,870,0.4,b,0.00023197734479213567,6.883820959705741e-07,0.33362520428248277,0.00011484977596618356,0.08617423140851689,5.5068347940036255e-06,0.0002743267454296901,0.27236386,1.20127081,0.02456053,0.02832344,0.25829653
217,0.0187,0.00174,870,0.4,b,0.00023008486677016592,1.69675100136052e-06,0.0880648795735504,1.5819858104220322e-05,0.031986091005112766,1.3379368150397129e-05,0.00023340027557965684,0.37457889,0.08301779,0.02416144,0.02843969,0.36321052
218,0.0187,0.00174,870,0.4,b,0.00023014111594554378,4.781167250191598e-07,0.37482843864751964,0.00010850106880535052,0.09530393043091287,4.745761739733197e-06,0.0002579801015470321,0.26179356,1.50430857,0.02417325,0.02843621,0.25426014
219,0.0187,0.00174,870,0.4,b,0.0002298351149228036,4.14487482909057e-07,0.09628430006862587,1.226638749765224e-05,0.026902807009543325,8.77188979641055e-06,0.00026078742378200846,0.37891426,0.09912997,0.02410901,0.02845513,0.27941011
220,0.0187,0.00174,870,0.4,b,0.0002317582299910485,4.1508790343403256e-07,0.37734236080208855,0.00012863478521369322,0.09537284621932839,4.742063722501442e-06,0.00027117491904278594,0.26327425,1.53526707,0.02451416,0.02833683,0.25274885
221,0.0187,0.00174,870,0.4,b,0.0002318604265363691,3.924740799120465e-07,0.0967610693985506,1.1602700999707388e-05,0.03610067596698519,1.0155049110540074e-05,0.00023402623099807,0.37912449,0.10099633,0.02453578,0.02833058,0.37309092
222,0.0187,0.00174,870,0.4,b,0.00022894471399804826,5.945335880072127e-07,0.38019297331948293,0.00011864712761040514,0.09400181783783441,1.2606784652908287e-05,0.0002795790772920631,0.26077622,1.53963026,0.02392257,0.02851041,0.24724765
223,0.0187,0.00174,870,0.4,b,0.00023217697878367223,4.739866765133353e-07,0.3758757060614099,0.0001458849390473725,0.0922586824916289,4.724918445937252e-06,0.0002986870245754669,0.26359435,1.52610816,0.02460282,0.02831126,0.24544997
224,0.0187,0.00174,870,0.4,b,0.0002322135842444185,4.0630660895264903e-07,0.09638812568952534,1.2438986429277645e-05,0.03570999868151648,1.0394682091715248e-05,0.00023322332894538115,0.37334806,0.10037194,0.02461058,0.02830903,0.37048131
225,0.0187,0.00174,870,0.4,b,0.00023005966866648084,5.186136500795189e-07,0.41532421140447806,0.00015319555248590854,0.07404404492554907,6.033844866349712e-06,0.0005285157902134984,0.25638073,1.84625904,0.02415615,0.02844124,0.17828011
226,0.0187,0.00174,870,0.4,b,0.00022974708108036175,4.130899404675059e-07,0.10460423728382195,1.1849924602729576e-05,0.03711375109117353,8.991268344688446e-06,0.00023186980986517525,0.36012554,0.116957,0.02409055,0.02846058,0.3548016
227,0.0187,0.00174,870,0.4,b,0.000230779591106524,4.00974745862563e-07,0.4183838425814523,0.00015654617451626868,0.1037044664074833,5.193013562982295e-06,0.00027257441389404267,0.25714535,1.87942437,0.02430756,0.02839685,0.2478692
228,0.0187,0.00174,870,0.4,b,0.00022996024035294138,1.54038289338388e-06,0.10532648153739865,1.1085526914738866e-05,0.009845288914499633,1.2341268021555829e-05,0.00030631255352772956,0.37917318,0.11868766,0.02413527,0.02844739,0.09347401
229,0.0187,0.00174,870,0.4,b,0.00022866881654734337,5.388475844665241e-07,0.4142782059204622,0.00016693302651117913,0.10239440854080831,5.887796163015761e-06,0.00028051691201139465,0.25887626,1.82586542,0.02386495,0.02852761,0.2471634
230,0.0187,0.00174,870,0.4,b,0.00022829247666716353,4.1362325023406777e-07,0.10423878214661682,1.2313103756344783e-05,0.03888987838072154,8.024009326331831e-06,0.0002299263883622814,0.37701776,0.11540587,0.02378646,0.02855111,0.37308454
231,0.0187,0.00174,870,0.4,b,0.00023036776550489123,4.1500932438137906e-07,0.4170895976372945,0.00013441911962136982,0.10266981210155846,5.730129007556926e-06,0.00027592477746852547,0.2563818,1.86448148,0.02422089,0.02842222,0.24615769
232,0.0187,0.00174,870,0.4,b,0.0002304018449140192,3.9398643092407606e-07,0.10504178683279383,1.2113120086994852e-05,0.038035465311242606,7.681973077896102e-06,0.00023338774404732467,0.36935717,0.1182736,0.02422806,0.02842012,0.36209842
233,0.0187,0.00174,870,0.4,b,0.0002280704476598013,5.072934692816422e-07,0.4510672430559126,0.00013211886537409275,0.11260275966313811,9.204800578790317e-06,0.00024871269221038824,0.25359187,2.15888366,0.02374022,0.02856501,0.2496363
234,0.0187,0.00174,870,0.4,b,0.00022792402465309408,4.560854174329852e-07,0.11179884701612972,8.70446942634957e-06,0.012940125243542752,1.7486943191687494e-05,0.0003068082095997746,0.37043695,0.13253861,0.02370974,0.02857418,0.11574471
235,0.0187,0.00174,870,0.4,b,0.0002296472525106789,3.385834931711661e-07,0.4563451678022646,0.00012577114321138893,0.1101425137963616,8.382007259566126e-06,0.0002917563456283848,0.25318993,2.22497847,0.02406962,0.02846677,0.24135791
236,0.0187,0.00174,870,0.4,b,0.00022993758370863247,3.863582015537141e-07,0.11373234611622655,8.588192044265456e-06,0.04211383756466949,7.614968599891968e-06,0.00023074372404752712,0.37193643,0.13837435,0.02413051,0.02844879,0.37028901
237,0.0187,0.00174,870,0.4,b,0.0002281173141351534,5.687802275326174e-07,0.45182568109139964,0.00014499128961596163,0.1107258118262835,9.064889760487463e-06,0.0002743175317602084,0.25396086,2.16659491,0.02374997,0.02856207,0.24506312
238,0.0187,0.00174,870,0.4,b,0.00022793903148844363,4.6238012057840757e-07,0.11178854076564093,9.00507371630169e-06,0.04104272776246347,9.134838695711927e-06,0.00022890649558709482,0.36920888,0.1325229,0.02371287,0.02857324,0.36714611
239,0.0187,0.00174,870,0.4,b,0.00023069043261999533,3.9029262139277597e-07,0.4530277556727292,0.00013318942357589387,0.11103668422353326,7.920867988513605e-06,0.0002768253248657262,0.25393693,2.2027076,0.02428879,0.02840233,0.24509908
240,0.0187,0.00174,870,0.4,b,0.00023087800194629575,3.9162012116537283e-07,0.11305465123685676,9.425326991121202e-06,0.04122812629798347,8.619713193679544e-06,0.00023270640171255502,0.36850242,0.13728942,0.0243283,0.02839079,0.3646743
241,0.0187,0.00174,870,0.4,b,0.00022836092096407113,4.817789603897962e-07,0.5146057605129631,0.0001493006314627979,0.12564774861174685,1.234885975395381e-05,0.0002856552895224733,0.2527063,2.81351166,0.02380073,0.02854683,0.24416312
242,0.0187,0.00174,870,0.4,b,0.00022880193589561583,6.729083042827366e-07,0.12736951437876579,6.403710941238724e-06,0.045068724222855336,8.560065823473907e-06,0.0002324692734170977,0.36005506,0.17269045,0.02389274,0.02851931,0.35384232
243,0.0187,0.00174,870,0.4,b,0.00022785376641871652,2.0438176017445116e-07,0.04401623253037468,1.1253492417935036e-05,0.008351091211265952,6.096014602906323e-05,0.00023211012342785282,0.28124707,0.02053807,0.02369513,0.02857858,0.18972753
244,0.0187,0.00174,870,0.4,b,0.0002308192622875781,3.4737510368783374e-07,0.518878638966772,0.00015319884474709154,0.126466166345094,1.2682616171088585e-05,0.00029312394794651345,0.25287256,2.89122093,0.02431592,0.02839441,0.24372976
245,0.0187,0.00174,870,0.4,b,0.00023146230278164,5.792546481668405e-07,0.12811840355793952,5.468958139264108e-06,0.0458363855831094,7.502231285026849e-06,0.00023490229683821383,0.36346691,0.17675876,0.02445159,0.02835494,0.35776582
246,0.0187,0.00174,870,0.4,b,0.00023082906067371423,2.42455890762433e-07,0.04410174935490466,9.938962517807114e-06,0.0022488920206782267,0.0003408632526666502,0.0002423961034949932,0.34537499,0.02088718,0.02431799,0.0283938,0.05099326
247,0.0187,0.00174,870,0.4,b,0.00022210706294021286,4.12242784473667e-06,0.5201634726914344,0.0002010862340278878,0.12659145071376002,1.347559480357099e-05,0.0002942928538833881,0.2538951,2.79588767,0.02251497,0.02894594,0.24336859
248,0.0187,0.00174,870,0.4,b,0.00023014505518979624,5.030083931388967e-07,0.12893996916635198,1.1833817807008836e-05,0.04529582155268594,7.854116548246753e-06,0.00023383665160768826,0.35744075,0.17801411,0.02417408,0.02843597,0.35129388
249,0.0187,0.00174,870,0.4,b,0.00022982802835334385,1.8954177586077052e-07,0.04372288757720719,1.5723655903101748e-05,0.004406213866704434,0.00014107479550822894,0.00024010872737315408,0.34010043,0.02044082,0.02410753,0.02845557,0.10077591
250,0.0187,0.00174,870,0.4,b,0.00023100843851373462,3.5265852444366286e-07,0.5241741423554819,0.00020431215105994255,0.12660612908476196,1.3897480651509919e-05,0.0003039106698750426,0.25208078,2.95295397,0.0243558,0.02838278,0.24153448
251,0.0187,0.00174,870,0.4,b,0.00023205896383239624,2.715870597119128e-07,0.12973985782698105,1.1329254590144767e-05,0.046023457300162246,7.51886968067789e-06,0.0002337547966025414,0.35751172,0.18172841,0.02457782,0.02831846,0.35473646
252,0.0187,0.00174,870,0.4,b,0.00023205896383239624,2.715870597119128e-07,0.05516436260575148,0.0008850282247538982,0.0116882239196525,7.358189880225208e-05,0.00024035705730402967,0.31367803,0.03285437,0.02457782,0.02831846,0.21187998
253,0.0187,0.00174,870,0.4,b,0.00023152256860228286,3.074160378702462e-07,0.5759250180308232,0.0002335975725901176,0.14447128365389175,1.2985134984567623e-05,0.00030112761600913605,0.25892742,3.57275197,0.02446433,0.02835125,0.25085086
254,0.0187,0.00174,870,0.4,b,0.00023261394076817867,3.3703388234164015e-07,0.14401894132434587,1.4345617571198039e-05,0.04933196727149408,6.848329345525624e-06,0.00023832614618232267,0.35033651,0.22446706,0.02469552,0.02828466,0.34253805
255,0.0187,0.00174,870,0.4,b,0.00023239366984810681,2.3517932538912977e-07,0.048747858849275814,1.2185678412360425e-05,0.00971783473663436,4.140359228884837e-05,0.00024305803707232678,0.35747548,0.02569289,0.02464877,0.02829806,0.19934896
256,0.0187,0.00174,870,0.4,b,0.00022938350277521713,5.15586429845435e-07,0.5862497972354346,0.0002056716552512041,0.14930939404975743,1.4861710138662859e-05,0.0002789656028926216,0.26018308,3.66779655,0.02401436,0.02848313,0.25468562
257,0.0187,0.00174,870,0.4,b,0.00022984092228820073,6.360486046777088e-07,0.14670451578788254,1.3402386757770405e-05,0.05075210502853457,6.006495393168941e-06,0.00023298197916348318,0.35006188,0.23013992,0.02411023,0.02845477,0.3459478
258,0.0187,0.00174,870,0.4,b,0.0002290342194495202,2.2682130225558793e-07,0.04952008227278594,1.1326876909449214e-05,0.01217850819810917,3.897609130300488e-05,0.0002358737599819551,0.33941724,0.02613008,0.02394128,0.02850484,0.24593069
259,0.0187,0.00174,870,0.4,b,0.00022513134165252555,5.156470344295907e-07,0.5767789921560836,0.00021787583310225688,0.1418510533429909,1.3611121457744379e-05,0.00034330426151051784,0.25971955,3.48443585,0.02313229,0.02875086,0.24593658
260,0.0187,0.00174,870,0.4,b,0.00022575986034304788,6.197496332485982e-07,0.144196594509121,1.735957393557362e-05,0.04998674573362848,6.745854201524385e-06,0.00022874872485743165,0.35070117,0.21839082,0.02326163,0.02871081,0.34665691
261,0.0187,0.00174,870,0.4,b,0.00022533668547430698,2.2507850355190155e-07,0.049249587655016795,1.1735130596603529e-05,0.01319922185304779,4.037877983110454e-05,0.00023225858672260488,0.35751747,0.02542815,0.0231745,0.02873776,0.26800675
262,0.0187,0.00174,870,0.4,b,0.0002290497438932199,3.2290332087072524e-07,0.5815566016402001,0.00020715987259764732,0.14768385632395092,1.503373402501179e-05,0.000273245734875506,0.25894469,3.60405522,0.02394453,0.02850388,0.2539458
263,0.0187,0.00174,870,0.4,b,0.00022848273306605587,1.93822882028965e-06,0.1451947327517066,1.662613671392947e-05,0.05054718286555402,6.2627785865343605e-06,0.00023428672206996675,0.35580712,0.2240953,0.02382613,0.02853922,0.34813372
264,0.0187,0.00174,870,0.4,b,0.00022996882095701688,2.2304756479398212e-07,0.04965980206654041,1.1928554332166764e-05,0.00047917822973397503,0.00017678349607164106,0.000243686686620126,0.33050114,0.02638497,0.02413707,0.02844686,0.00964922
265,0.0187,0.00174,870,0.4,b,0.00022518576812199093,6.021015930804248e-07,0.6226467218770103,0.00018769255381054199,0.16060096398971802,1.8852694853678903e-05,0.0002867242397250088,0.26390074,4.06164533,0.02314347,0.02874739,0.25793272
266,0.0187,0.00174,870,0.4,b,0.0002255925971941319,7.948011691931558e-07,0.15721580576984323,1.5091572532633828e-05,-0.021445139605807982,3.9654965995250326e-05,0.0003550381839781879,0.34836672,0.25941489,0.02322717,0.02872145,-0.13640575
267,0.0187,0.00174,870,0.4,b,0.0002255925971941319,7.948011691931558e-07,0.05214443397320446,9.06346500624957e-06,0.015255206970046061,3.0254672189459194e-05,0.00022721720172112149,0.31194911,0.02853766,0.02322717,0.02872145,0.29255677
268,0.0187,0.00174,870,0.4,b,0.00022846090416684704,4.479027659503955e-07,0.6271058753196095,0.0002105704641485533,0.16126065384343966,2.116049048208072e-05,0.00029717177082001247,0.26373177,4.17995183,0.02382157,0.02854059,0.2571506
269,0.0187,0.00174,870,0.4,b,0.00022946402115603826,5.645428318958115e-07,0.158900619820128,1.678535643565354e-05,0.055007521178685466,6.295526927981133e-06,0.00023159673407538052,0.34856102,0.26955254,0.02403122,0.02847813,0.34617562
270,0.0187,0.00174,870,0.4,b,0.0002290011708695253,2.567021493682079e-07,0.05307171674270228,1.045164146887879e-05,0.015824160621194436,2.4714226938996598e-05,0.0002317429880332526,0.3286362,0.03000832,0.02393437,0.0285069,0.29816561
271,0.0187,0.00174,870,0.4,b,0.00022769286664571002,5.666724570925108e-07,0.6225891330482427,0.0002262041911677024,0.16053215506165167,2.1440190020597352e-05,0.0003009801955919493,0.26494183,4.10610587,0.02366168,0.02858868,0.25784606
272,0.0187,0.00174,870,0.4,b,0.00022839512936817852,6.926468152169572e-07,0.15778600219807806,1.898567215119109e-05,0.05388103475410611,6.749121416101951e-06,0.00023062879003191592,0.34404946,0.26454614,0.02380786,0.02854469,0.34148172
273,0.0187,0.00174,870,0.4,b,0.00022778599540148757,2.641574924146163e-07,0.05256886877875382,1.1561397149101349e-05,0.014387137390557655,3.348402194817877e-05,0.00023250228550451062,0.32922037,0.02928613,0.02368104,0.02858284,0.2736817
274,0.0187,0.00174,870,0.4,b,0.00023229281790770876,3.160271490288804e-07,0.6298819371121932,0.00020650460860686246,0.16227551256969064,2.2453619953464517e-05,0.00029928842997063715,0.26398005,4.28777253,0.02462738,0.0283042,0.25762846
275,0.0187,0.00174,870,0.4,b,0.000233486934178858,4.3012887649843897e-07,0.16034700558076065,1.788212756817072e-05,0.053396514304043026,6.631414796186801e-06,0.00024155981292981897,0.3421306,0.27929421,0.02488123,0.02823173,0.333006
276,0.0187,0.00174,870,0.4,b,0.00023316422096882,2.641323836290725e-07,0.05352408502460912,1.1343283595426512e-05,0.013937511387105132,2.964015237646676e-05,0.00023885352216016024,0.32675714,0.03107693,0.0248125,0.02825126,0.260397
277,0.0187,0.00174,870,0.4,b,0.00022761194575195783,3.5181259193634654e-07,0.6699960080551539,0.0003138554172555383,0.1770607852938297,2.7699322979831685e-05,0.00029574956470486413,0.26984716,4.75353973,0.02364486,0.02859376,0.2642714
278,0.0187,0.00174,870,0.4,b,0.0002287535170561015,4.4279613659011614e-07,0.17241149090764227,2.2785179572854988e-05,0.05812796580075019,6.092666323316023e-06,0.00023128051248284237,0.33961125,0.31635729,0.02388263,0.02852233,0.3371467
279,0.0187,0.00174,870,0.4,b,0.00022830261635365732,3.1334933534458423e-07,0.057194851777029154,9.233034165949281e-06,0.017719067312817173,2.514984029374376e-05,0.0002318831699798844,0.34271308,0.03474581,0.02378858,0.02855048,0.30980179
280,0.0187,0.00174,870,0.4,b,0.0002337857194592376,2.0569972913476465e-07,0.679874745584334,0.00024138946253832904,0.17933260223021358,3.100259283303162e-05,0.00029215158932772143,0.26842805,5.0275158,0.02494495,0.02821369,0.263773
281,0.0187,0.00174,870,0.4,b,0.00023550528247625463,1.8504855968059473e-07,0.17583757937328437,2.2936925424092055e-05,0.05803890741117937,5.9819131872434355e-06,0.00024198949236281734,0.33624633,0.33876746,0.02531325,0.02811049,0.33007112
282,0.0187,0.00174,870,0.4,b,0.00023533480544787324,2.606196759908776e-07,0.05789632531662329,9.996786456099677e-06,0.017053820246610712,2.3873048769626585e-05,0.0002402084195347823,0.33954504,0.03669998,0.02527662,0.02812067,0.2945579
283,0.0187,0.00174,870,0.4,b,0.00022546017006608188,8.151780411406662e-07,0.6596157826238055,0.0003406001507017131,0.17485803843589862,3.083824146155846e-05,0.00030015364847716926,0.27136933,4.56383099,0.02319991,0.02872989,0.26509074
284,0.0187,0.00174,870,0.4,b,0.00022427865541831523,2.12080861107161e-06,0.17053520536108666,2.3360898502367933e-05,0.057760017571088555,6.056704636204375e-06,0.0002270756844967212,0.34147277,0.30345457,0.02295739,0.02880546,0.3386985
285,0.0187,0.00174,870,0.4,b,0.00021983059722313896,4.58004129526803e-06,0.6690161619581657,0.00031798693512008984,0.17724386036934947,3.3644981670285545e-05,0.0002867190859473118,0.27040915,4.57761227,0.02205581,0.02909543,0.26493211
286,0.0187,0.00174,870,0.4,b,0.00023019356426477147,5.66349907487116e-07,0.17181330921048582,2.200339031199272e-05,0.058285174832519944,6.9256469742907065e-06,0.00023268993250461943,0.34167223,0.31614363,0.02418427,0.02843297,0.33923551
287,0.0187,0.00174,870,0.4,b,0.00022969602938928895,3.0778614653149647e-07,0.05644162831408346,8.90532336946572e-06,0.01580409952411628,1.7500317043154772e-05,0.00023737263992968318,0.35451873,0.03404319,0.02407984,0.02846375,0.28000786
288,0.0187,0.00174,870,0.4,b,0.00022650770243872026,6.10114555500862e-07,0.7004954403401383,0.0002619606714242112,0.18873224496789484,4.944062411442896e-05,0.0002753566786717307,0.27302745,5.17096081,0.02341599,0.02866338,0.2694268
289,0.0187,0.00174,870,0.4,b,0.00022756617225275452,7.614198662839042e-07,0.18277258355962678,2.8760205179056314e-05,0.06087681640442645,6.2921417388522234e-06,0.00023026242736403661,0.3354429,0.35367752,0.02363535,0.02859664,0.33307411
290,0.0187,0.00174,870,0.4,b,0.00022550242563043122,1.77754802248999e-06,0.0593146231734911,9.540152685250231e-06,0.01857933564971961,1.8419385204165336e-05,0.00022911243559543728,0.34387087,0.03691071,0.02320861,0.02872719,0.31323365
291,0.0187,0.00174,870,0.4,b,0.00022958964046672315,5.616622219455886e-07,0.7038529547970711,0.00030952505707296083,0.19025302241015166,4.854114759434186e-05,0.0002992499720554151,0.27535813,5.29168288,0.02405754,0.02847034,0.27030223
292,0.0187,0.00174,870,0.4,b,0.00023197735907464002,2.2560154941034436e-07,0.7237744910535975,0.0003142465334979793,0.1949278382778066,4.712025698035074e-05,0.00029386478367145874,0.27359062,5.65366135,0.02456054,0.02832344,0.26932123
293,0.0187,0.00174,870,0.4,b,0.00023378313419268859,2.608597463566272e-07,0.18941916836482905,3.768417600920432e-05,0.0610865367097885,5.505743063529458e-06,0.0002404355613091006,0.32808549,0.39024619,0.0249444,0.02821384,0.32249395
294,0.0187,0.00174,870,0.4,b,0.00023368193821218737,3.386994997423327e-07,0.060979801095171635,8.662763663122807e-06,0.019511257588958757,2.361202752465477e-05,0.00023592437520964738,0.33794643,0.04042731,0.02492281,0.02821995,0.31996263
295,0.0187,0.00174,870,0.4,b,0.00023324893530332226,2.861323353754661e-07,0.7187430012796558,0.0004452792196534572,0.19408225490621675,5.992068355485009e-05,0.0003167390846123121,0.27583907,5.60589003,0.02483053,0.02824613,0.27003011
296,0.0187,0.00174,870,0.4,b,0.0002350178204013039,3.4077695283917986e-07,0.18908173906668405,2.7520874003412785e-05,-0.028715000766140746,5.7432777533513115e-05,0.0003903608895805078,0.32910882,0.39091075,0.02520857,0.02813963,-0.15186554
297,0.0187,0.00174,870,0.4,b,0.00023480741050736708,3.259690634169126e-07,0.06041285962270547,7.915863771550518e-06,0.01926893546778615,2.0686027190979674e-05,0.00023528524342234398,0.32295588,0.03987018,0.02516345,0.02815224,0.3189542
298,0.0187,0.00174,870,0.4,b,0.00022408465658870885,7.361228039259063e-07,0.7375535534379318,0.00033883838599671397,0.20231531618386986,3.904319996994031e-05,0.00029148397732801787,0.27870172,5.67122511,0.02291769,0.02881793,0.27430593
299,0.0187,0.00174,870,0.4,b,0.00022477354086743723,8.437835209977739e-07,0.19513445481238234,4.4130919560270424e-05,0.06437494520601626,6.381792518088742e-06,0.00022590899608427033,0.33078599,0.39819037,0.02305882,0.02877373,0.32990045
300,0.0187,0.00174,870,0.4,b,0.00022412022940323143,3.9447887019347143e-07,0.061813832812304896,9.826391118779042e-06,0.019873720962915967,2.5593253973954067e-05,0.00022594488569378413,0.33576413,0.03984098,0.02292497,0.02881564,0.32150928
301,0.0187,0.00174,870,0.4,b,0.00023061408375177602,5.092231923204257e-07,0.7486347152415043,0.00032688352439367565,0.1994418984466244,3.44166038405849e-05,0.00042523714772792784,0.27890175,6.01316882,0.02427271,0.02840703,0.26640749
302,0.0187,0.00174,870,0.4,b,0.000231800641399168,6.163368437782727e-07,0.19789685769030435,3.659748723422952e-05,0.05432945386315089,5.804595060665699e-06,0.0002918191029922139,0.32471084,0.42234764,0.02452313,0.02833424,0.27453419
303,0.0187,0.00174,870,0.4,b,0.0002312424870730269,3.88090807693989e-07,0.06249812067535663,8.964455218488541e-06,0.020700714386042138,1.758370733167068e-05,0.00023128572318228472,0.33154907,0.04202224,0.02440517,0.02836841,0.33122139
304,0.0187,0.00174,870,0.4,b,0.00022681180974426052,5.414526026962278e-07,0.7423772523515408,0.0003955386537455512,0.2038428161017068,5.4388962858128015e-05,0.00028592245582101616,0.27838671,5.81557448,0.02347891,0.02864415,0.27458117
305,0.0187,0.00174,870,0.4,b,0.0002286057768305667,6.115438287572436e-07,0.19726149929713874,3.9207612480861167e-05,0.06289340986457001,5.577947121413738e-06,0.00023288520380282325,0.32219872,0.41385624,0.02385179,0.02853154,0.31883267
306,0.0187,0.00174,870,0.4,b,0.0002283170985902041,3.944258232950297e-07,0.06286451100274985,9.196987709797751e-06,0.020146493450399476,1.9150099262509075e-05,0.00022955638737492002,0.32993445,0.04197852,0.02379159,0.02854957,0.32047483
307,0.0187,0.00174,870,0.4,b,0.00023082524356772197,2.736846847632172e-07,0.7600127903811196,0.00032074689015412143,0.20769682562910796,4.755152945435637e-05,0.00029834852529734776,0.27744532,6.20301385,0.02431718,0.02839404,0.2732807
308,0.0187,0.00174,870,0.4,b,0.00023295503675998256,3.665677127539851e-07,0.20164565458034212,3.5655079979629036e-05,0.0647350752380654,5.984280444528745e-06,0.00023836380592791483,0.32507321,0.44068421,0.024768,0.02826394,0.32103382
309,0.0187,0.00174,870,0.4,b,0.00023140942315329508,1.79109452479983e-06,0.06368239743672803,7.307690574583599e-06,0.020389376208859857,3.142350827399002e-05,0.00023362674199537542,0.33650842,0.04366138,0.02444042,0.02835818,0.32017287
310,0.0187,0.00174,870,0.4,b,0.00022569616162204927,5.320687527722362e-07,0.771048131091817,0.00029265562354999935,0.19951860144713715,4.141370148504574e-05,0.000560102269005967,0.27927436,6.24258978,0.0232485,0.02871486,0.25876284
311,0.0187,0.00174,870,0.4,b,0.00022831965946422598,5.349592386378692e-07,0.2064465647423458,2.7344153797561452e-05,0.06650534529785022,4.250922025104303e-06,0.00022917200507032427,0.32275157,0.45272687,0.02379213,0.02854941,0.32214314
312,0.0187,0.00174,870,0.4,b,0.00022820110542470353,3.36095518720444e-07,0.06541653157957501,1.0045564598279956e-05,0.02133413632725251,1.9394816573060896e-05,0.00022824976693176007,0.32646947,0.0454329,0.02376743,0.02855683,0.3261276
313,0.0187,0.00174,870,0.4,b,0.00022369390362848995,6.321922752449455e-07,0.7701499028491137,0.000287857240850316,0.21406482927861462,3.767550569355717e-05,0.0002741671857682164,0.28093948,6.17280168,0.02283784,0.02884309,0.27795216
314,0.0187,0.00174,870,0.4,b,0.0002257417287935555,6.134299864057192e-07,0.2059543783389558,3.3456356340116864e-05,0.06629359389736482,4.405913527129379e-06,0.00022591348686349053,0.32200823,0.44548343,0.02325789,0.02871196,0.32188485
315,0.0187,0.00174,870,0.4,b,0.00022547686454281164,3.149028910287575e-07,0.06516578317004462,9.86064632334523e-06,0.021383863416856,1.5760997414129647e-05,0.00022775389984029863,0.34380205,0.04454704,0.02320335,0.02872882,0.32814558
316,0.0187,0.00174,870,0.4,b,0.00021974537121170979,8.731031736385843e-07,0.7607667876096877,0.0003162764369565024,0.21012553267506673,4.3560191900311596e-05,0.0002970727901759967,0.28090761,5.91698504,0.02203871,0.02910107,0.27620229
317,0.0187,0.00174,870,0.4,b,0.00021353242450017096,4.769989616383e-07,0.7657703277098751,0.000304350945765713,0.2121025876691191,4.7100896088410355e-05,0.0002985213174342002,0.28206585,5.82557162,0.02081011,0.0295214,0.27697938
318,0.0187,0.00174,870,0.4,b,0.00022799270265379983,5.040971030328534e-07,0.7973118550476893,0.0002845692146224189,0.22194299270853515,4.955961277728679e-05,0.00028728405580872506,0.28163185,6.74302913,0.02372403,0.02856988,0.27836409
319,0.0187,0.00174,870,0.4,b,0.00022749423601554396,2.468025192057e-07,0.21301346734547547,3.3299198850685105e-05,0.06820017794066893,4.507206429751177e-06,0.00023118153711325403,0.3226487,0.48024424,0.02362041,0.02860116,0.32016839
320,0.0187,0.00174,870,0.4,b,0.00022973807796016575,4.203735145738464e-07,0.06651305572066235,9.734391089704053e-06,0.020696441777423958,1.8250291009636015e-05,0.00023558026499847614,0.35033182,0.04728511,0.02408866,0.02846114,0.3111636
321,0.0187,0.00174,870,0.4,b,0.00022773542662809617,4.0366407930598115e-07,0.7970881817924121,0.00027967826928281447,0.22171878005931134,5.986305534590387e-05,0.00027633274013032965,0.28084553,6.73164153,0.02367052,0.02858601,0.27816092
322,0.0187,0.00174,870,0.4,b,0.00022979687574566215,5.121381498095634e-07,0.2131518312768777,3.946708578744011e-05,0.0661531190915016,5.613346666868018e-06,0.00023732869461872482,0.31555327,0.48573556,0.02410099,0.0284575,0.31035679
323,0.0187,0.00174,870,0.4,b,0.00022953933238859434,3.710215271022005e-07,0.06684657823859459,9.465563853086451e-06,0.021887582771079564,2.0178615076561446e-05,0.0002304847194577188,0.33370864,0.0477192,0.024047,0.02847346,0.32743011
324,0.0187,0.00174,870,0.4,b,0.00021001434405526373,4.81330756459e-07,0.7713153246081519,3.4723647996028e-05,0.21389143268345287,4.258564654009719e-05,0.00028101211313370734,0.28149744,5.81286885,0.02013004,0.02976764,0.27730738
325,0.0187,0.00174,870,0.4,b,0.00022211099526041775,9.63554113744288e-07,0.2068814715704577,5.5789875684896094e-05,-0.0367612547149738,8.283651095348977e-05,0.00037896072926894294,0.32167739,0.44227348,0.02251577,0.02894568,-0.17769235
326,0.0187,0.00174,870,0.4,b,0.00022011682998374676,2.00148663205e-07,0.0640285275731004,1.3113102926545026e-05,0.02182275437157068,3.18535986409653e-05,0.00022362546203929663,0.36463085,0.04198343,0.02211328,0.0290765,0.34082861
327,0.0187,0.00174,870,0.4,b,0.000223832699031649,7.33469664355236e-07,0.7805905939172503,0.00034720005481958364,0.21724777798862235,4.409556614959505e-05,0.00029326455940313764,0.2823,6.34523637,0.02286619,0.02883414,0.27831206
328,0.0187,0.00174,870,0.4,b,0.00022519111042331306,9.499546807175812e-07,0.7744461325943677,0.00032438821809819114,0.1792911405007648,7.431888033984815e-05,0.0009598425198405229,0.27861944,6.28364034,0.02314457,0.02874704,0.23150886
329,0.0187,0.00174,870,0.4,b,0.00022675804091807513,8.686594079966885e-07,0.20800159483154396,5.1636834458513334e-05,0.06305426808424136,6.041695340875029e-06,0.0002414762191859127,0.31395909,0.45642946,0.02346778,0.02864755,0.3031432
330,0.0187,0.00174,870,0.4,b,0.00022635888591857991,4.656940519597716e-07,0.0646266200073826,1.0787020534883501e-05,0.017387642368604815,2.6830459708543983e-05,0.00023650129661014328,0.34645585,0.04398434,0.02338524,0.0286728,0.26904768
331,0.0187,0.00174,870,0.4,b,0.00023251831922232257,2.5428476335607665e-07,0.8196548953850246,0.00038360119587745284,0.2277939626889039,4.922485817499195e-05,0.0002930732947451048,0.28107807,7.26769838,0.02467522,0.02829047,0.27791448
332,0.0187,0.00174,870,0.4,b,0.00023059204796437884,2.258728081765702e-07,0.8208252046100663,0.00030748081927490264,0.22818121824075563,4.756145660971414e-05,0.00028337423855427396,0.28074097,7.22808648,0.02426807,0.02840839,0.27799002
333,0.0187,0.00174,870,0.4,b,0.000224315349517805,7.439305663703427e-07,0.7967188074694295,0.00032976766851035906,0.22235770772498875,4.791735064157067e-05,0.00027116803942922813,0.28167433,6.62440349,0.0229649,0.02880311,0.27909183
334,0.0187,0.00174,870,0.4,b,0.0002204571068316408,1.0064669439230574e-06,0.7831246789587313,0.0003523972424071701,0.21792282807511176,4.4208651220445713e-05,0.00027345709066662276,0.28130355,6.2901872,0.0221817,0.02905406,0.27827348
335,0.0187,0.00174,870,0.4,b,0.00022800067389751162,2.5702648421318165e-07,0.8184508593685523,0.00023998915234775054,0.22790219592856267,4.262736337633575e-05,0.0002787216460126844,0.28111048,7.10557119,0.02372569,0.02856938,0.27845556
336,0.0187,0.00174,870,0.4,b,0.00023085092362778146,2.2363410861396672e-07,0.21965383436587826,5.104797082738656e-05,0.06856517167677668,4.54663424450379e-06,0.00023817137845867487,0.31688347,0.51818739,0.02432259,0.02839246,0.31215103
337,0.0187,0.00174,870,0.4,b,0.000230960721102581,3.107717383933722e-07,0.06827777425366492,9.66109096631607e-06,0.022777005951861155,1.9054668081851885e-05,0.0002355882489093491,0.36160752,0.0500927,0.02434574,0.02838571,0.33359327
338,0.0187,0.00174,870,0.2,b,9.143975742284873e-05,7.805718760522019e-07,0.18056828901160618,5.115347046001645e-05,0.07477252744683133,2.8966665919248804e-05,0.00010361532793039824,0.4228496,0.13870614,0.00381607,0.04511296,0.41409556
339,0.0187,0.00174,870,0.2,b,9.16982706172234e-05,8.02700944750643e-07,0.07072005936752512,2.0261032312934532e-05,0.029832395975593982,4.679447993480982e-05,0.00010149073663026691,0.46514793,0.02133654,0.00383768,0.04504932,0.42183782
340,0.0187,0.00174,870,0.2,b,8.060248428911417e-05,4.2015466820082e-06,0.09696257949458766,5.3327661885949484e-05,0.02559563822050174,0.00043072813375491287,0.00014041815957779652,0.44103136,0.03525611,0.00296513,0.04805013,0.26397439
341,0.0187,0.00174,870,0.2,b,8.48113545300409e-05,1.4649368373471e-06,0.19990549989802264,2.42052484967317e-05,0.08339455185505443,2.3503377461439145e-05,9.152035638229937e-05,0.42109925,0.15768164,0.00328288,0.04684269,0.41716987
342,0.0187,0.00174,870,0.2,b,8.443282674806234e-05,3.52740011537131e-06,0.07618789763837967,1.771881137239703e-05,0.033021932072582104,2.7146984995874484e-05,9.2130853317819e-05,0.46247094,0.02280137,0.00325364,0.04694757,0.43342753
343,0.0187,0.00174,870,0.2,b,8.67400190843095e-05,2.821028653313657e-07,0.08730617088881888,2.772130877474488e-05,0.03715661025591399,3.5655717108539186e-05,9.519547019676157e-05,0.45043422,0.03076005,0.00343388,0.04631899,0.42558974
344,0.0187,0.00174,870,0.2,b,9.34204186792047e-05,4.55290614632803e-06,0.11728535130206638,1.835339291460121e-05,0.05185557653708216,1.64698702351427e-05,9.986734491445232e-05,0.45241103,0.05978703,0.00398318,0.04463216,0.44213174
345,0.0187,0.00174,870,0.2,b,7.668661099215939e-05,1.654698815665e-06,0.10423716428746567,1.9947581371056044e-05,0.04422640625102295,3.862221738146537e-05,9.446584081209426e-05,0.46056864,0.03876523,0.00268402,0.04926166,0.42428635
346,0.0187,0.00174,870,0.2,b,8.538729655800821e-05,5.495898465638524e-07,0.10584156903448959,1.812596389736464e-05,0.04630064658505068,2.778298877569192e-05,9.107660653095908e-05,0.44869686,0.0445024,0.00332762,0.04668444,0.43745238
347,0.0187,0.00174,870,0.2,b,8.449825858194701e-05,5.495262436104716e-07,0.11535509453392752,1.9333137778264725e-05,0.04982633738066256,2.6839355072886236e-05,9.154614036288818e-05,0.44380484,0.05231172,0.00325868,0.04692939,0.43193877
348,0.0187,0.00174,870,0.2,b,8.123103026123248e-05,9.83282334384302e-07,0.11030881146501698,1.7717000255879878e-05,0.047675139973575795,2.2193416610600323e-05,8.747077888010008e-05,0.44368387,0.04598541,0.00301155,0.04786387,0.43219702
349,0.0187,0.00174,870,0.2,b,8.281318078246038e-05,5.915721638958466e-07,0.29821122478027723,3.664943576072833e-05,0.10464914356821109,3.706602463792249e-05,9.242703215881607e-05,0.35393207,0.34262976,0.00313001,0.04740445,0.35092289
350,0.0187,0.00174,870,0.2,b,8.21895893174054e-05,7.37305566286957e-06,0.09820798874439003,1.8676613570988754e-05,0.04433346226850273,7.84131849762788e-05,9.049136428166833e-05,0.4697571,0.03687976,0.00308305,0.04758394,0.4514242
351,0.0187,0.00174,870,0.2,b,8.66527323961204e-05,5.851081609191597e-07,0.3299640997006746,5.366725782578295e-05,0.11309111171790104,2.8438737294922727e-05,9.732269038146021e-05,0.34553126,0.438928,0.00342698,0.04634231,0.34273762
352,0.0187,0.00174,870,0.2,b,8.527146538247975e-05,6.245858188653402e-07,0.10397455986336498,1.9361270326809016e-05,0.046422363929177604,0.00013467510296543412,9.224694185367964e-05,0.46043703,0.04288798,0.00331859,0.04671614,0.4464781
353,0.0187,0.00174,870,0.2,b,8.398408544646432e-05,6.248883003422859e-07,0.2837068286012908,3.991934375937967e-05,0.10360885440296055,2.9207056923963573e-05,0.00010185201159272355,0.37111215,0.31449534,0.00321915,0.04707283,0.3651969
354,0.0187,0.00174,870,0.2,b,8.234347394469964e-05,6.365428103379102e-07,0.09576652589279612,2.127744164843108e-05,0.03978323531847843,7.452476070254015e-05,0.00010379241467450968,0.46739561,0.03513454,0.0030946,0.04753946,0.41541901
355,0.0187,0.00174,870,0.2,b,8.533078386158428e-05,7.292142737549105e-07,0.2674976189880654,3.3147399565533e-05,0.09607606562930769,3.384784553236818e-05,0.00010040810475633828,0.36487584,0.28406859,0.00332321,0.0466999,0.35916606
356,0.0187,0.00174,870,0.2,b,8.460077344791453e-05,8.342698078161798e-07,0.0929753223151626,2.1772176039867404e-05,0.04012664844415099,1.8831003640372383e-05,9.50835473835349e-05,0.45831988,0.03402416,0.0032666,0.04690095,0.43158386
357,0.0187,0.00174,870,0.2,b,8.208325320311793e-05,5.662872163790321e-07,0.3732016456116059,5.354986151718173e-05,0.1194152708350623,4.203913464210916e-05,9.215431474632607e-05,0.32218445,0.53188692,0.00307508,0.04761475,0.3199752
358,0.0187,0.00174,870,0.2,b,8.1448851127712e-05,6.280433692766296e-07,0.11165768000710694,1.9724272640923956e-05,0.04809604983475134,3.002865195369688e-05,9.490855875678511e-05,0.45466831,0.04724325,0.00302773,0.04779983,0.43074556
359,0.0187,0.00174,870,0.2,b,8.690939530997149e-05,5.564624399791449e-07,0.29010683113132485,3.7061665396096346e-05,0.10206655304860732,3.566286140525553e-05,9.332075787141692e-05,0.35394177,0.3402987,0.00344731,0.04627383,0.35182403
360,0.0187,0.00174,870,0.2,b,8.595416303172188e-05,4.655462638790582e-07,0.09755275774598328,2.011640922215278e-05,0.042155526184634654,2.2334639260995186e-05,8.97566628373038e-05,0.44110806,0.03805605,0.00337195,0.04653025,0.43213054
361,0.0187,0.00174,870,0.2,b,7.988153429724793e-05,4.813091564782156e-07,0.29536208741301534,4.183876216563935e-05,0.10371839024403527,4.354840779065511e-05,8.973199527292435e-05,0.35429709,0.32421533,0.00291232,0.04826648,0.35115675
362,0.0187,0.00174,870,0.2,b,7.89130472823641e-05,5.35401380935201e-07,0.0984871009167611,2.2573722885324495e-05,0.042372080338469856,4.3803745564648085e-05,8.919962740978611e-05,0.45376726,0.03561108,0.00284213,0.04856176,0.43022975
363,0.0187,0.00174,870,0.2,b,9.072923732726662e-05,4.7209943884862074e-07,0.26649252558696285,4.422979431987795e-05,0.09589556344525772,3.039745325116214e-05,9.93658598539719e-05,0.36314357,0.2997747,0.003757,0.04528926,0.35984335
364,0.0187,0.00174,870,0.2,b,9.064905522059649e-05,5.089985353697385e-07,0.09412547516372435,1.8230845704206304e-05,0.040068732266254015,2.115079650931622e-05,9.562253412180852e-05,0.43844056,0.03736417,0.00375036,0.04530928,0.42569487
365,0.0187,0.00174,870,0.2,b,8.033689304590932e-05,3.9467363251694047e-07,0.4792783178254127,7.528552179631081e-05,0.1368818977696308,4.208010556372488e-05,0.000101986475630792,0.28881919,0.85855524,0.00294562,0.04812949,0.28560002
366,0.0187,0.00174,870,0.2,b,8.025949534406835e-05,4.303795005603814e-07,0.12843102623315086,3.7490888486558836e-05,0.05351843991521179,2.1826476030132217e-05,8.900558165113637e-05,0.42901075,0.06159053,0.00293995,0.0481527,0.41670959
367,0.0187,0.00174,870,0.2,b,8.552590108673262e-05,5.708220900369794e-07,0.30879166401597663,5.171799118655697e-05,0.1062111385059905,3.755378678566115e-05,9.254172652171843e-05,0.34604942,0.37940796,0.00333843,0.0466466,0.34395727
368,0.0187,0.00174,870,0.2,b,8.462493937139062e-05,4.608173039487789e-07,0.10158313878590201,2.1765542129411732e-05,0.044229579006079406,2.7132798071758707e-05,9.289060221986335e-05,0.45309078,0.04062742,0.00326846,0.04689425,0.43540276
369,0.0187,0.00174,870,0.2,b,8.332654405984647e-05,5.303015325372143e-07,0.3048267879459548,3.722360878352515e-05,0.10519599442146056,3.7367257184832455e-05,9.922141036203915e-05,0.34992976,0.36021955,0.00316894,0.0472582,0.34510089
370,0.0187,0.00174,870,0.2,b,8.263280908032433e-05,4.729778475474434e-07,0.1009414167086747,2.182116575703492e-05,0.043021872594052525,2.4969213696883713e-05,9.076247070301438e-05,0.44419153,0.03917139,0.00311639,0.04745616,0.42620635
371,0.0187,0.00174,870,0.2,b,7.81681310641072e-05,5.167187734353133e-07,0.32668755092115803,3.432133227511445e-05,0.11212512128271217,3.969947236389576e-05,8.109938765657499e-05,0.34400236,0.38812583,0.00278873,0.0487926,0.34321822
372,0.0187,0.00174,870,0.2,b,7.816917721511138e-05,4.0927413397411555e-07,0.10624746485425908,2.6300748445377478e-05,0.043403880755095485,1.9913438144229252e-05,8.542953353246952e-05,0.42368016,0.04105351,0.0027888,0.04879227,0.40851686
373,0.0187,0.00174,870,0.2,b,7.951844282444671e-05,5.8815779324351e-07,0.4642913274193404,0.0001671131733645608,0.13567360839615228,3.8454496513649275e-05,9.65237222185911e-05,0.29485295,0.79749259,0.00288591,0.04837655,0.29221655
374,0.0187,0.00174,870,0.2,b,7.906319165456071e-05,5.770546280427993e-07,0.12561067935522308,4.045736211654699e-05,0.053314099644834814,4.962028592476534e-05,9.059365578679473e-05,0.44100657,0.05803702,0.00285296,0.04851563,0.42443923
375,0.0187,0.00174,870,0.2,b,8.027753435448119e-05,5.410487495491379e-07,0.40513004984726325,5.260573587986723e-05,0.13060818093391338,2.5152888943243938e-05,9.63639868297798e-05,0.32535454,0.61300016,0.00294127,0.04814729,0.32238581
376,0.0187,0.00174,870,0.2,b,8.070253674095465e-05,5.725475708344085e-07,0.11906867661400972,2.7881207765378055e-05,0.05013540579814321,2.0773427314084866e-05,8.799285800594213e-05,0.43287764,0.05323042,0.00297249,0.04802034,0.42106293
377,0.0187,0.00174,870,0.2,b,7.962117906408676e-05,4.513832728872448e-07,0.4769496178370262,9.582066746772947e-05,0.14271400496644288,2.5019520227847104e-05,9.774711264121826e-05,0.30182343,0.84265783,0.00289337,0.04834533,0.29922239
378,0.0187,0.00174,870,0.2,b,8.224425599284733e-05,5.293855306819568e-07,0.4057952737221855,6.603713664312008e-05,0.12907892198408705,2.5910290852678335e-05,0.00010468287528995873,0.32226383,0.63008217,0.00308715,0.04756812,0.31808878
379,0.0187,0.00174,870,0.2,b,7.822750139097765e-05,1.365049263491e-07,0.4555985196333129,0.0039316824206631,0.1392818148912731,8.300004002604545e-05,0.00011759333611758724,0.31173806,0.75544302,0.00279297,0.04877408,0.30571174
380,0.0187,0.00174,870,0.2,b,7.352909109303772e-05,4.50505046647117e-07,0.571602882650466,0.00037064434462226025,0.1588977695810919,6.027957394710909e-05,0.00010265490384473972,0.28111452,1.11770106,0.00246754,0.05030825,0.2779863
381,0.0187,0.00174,870,0.2,b,7.596127946596033e-05,7.5455499727995e-07,0.3623682065636975,0.0054194573044538,0.11009499901136723,5.0535682693754e-05,0.0002780587066829792,0.35000541,0.46405568,0.00263349,0.04949629,0.3038208
382,0.0187,0.00174,870,0.2,b,7.871458877558211e-05,3.733803739210383e-07,0.38111072501129195,4.3537183318468065e-05,0.12778872202050065,2.621014770718034e-05,8.201557038352875e-05,0.33597028,0.5319064,0.00282785,0.04862294,0.33530602
383,0.0187,0.00174,870,0.2,b,7.949788078486373e-05,3.3584072957495587e-07,0.1166167193115559,2.4786077472462974e-05,0.049825702928697924,1.9324175501611165e-05,8.537742032009604e-05,0.43707421,0.05029848,0.00288442,0.0483828,0.42726037
384,0.0187,0.00174,870,0.2,b,8.39988009176765e-05,6.165482919585297e-07,0.471492973671816,0.00020542909064577707,0.1408105755797717,3.65526178268489e-05,0.00010360416030847895,0.30153128,0.86876273,0.00322027,0.04706871,0.2986483
385,0.0187,0.00174,870,0.2,b,8.277426186422332e-05,6.416169267514786e-07,0.42132990386259217,0.00016572351460174685,0.1295196945509096,3.080540010782356e-05,0.00010144682031929046,0.31074543,0.68362436,0.00312707,0.04741559,0.30740684
386,0.0187,0.00174,870,0.2,b,8.80801827376599e-05,6.095768282061296e-07,0.41822982776619977,0.0001072099688728637,0.12862896095728785,2.572610792133497e-05,0.0001014581851847912,0.30998562,0.71677997,0.00354081,0.04596526,0.30755568
387,0.0187,0.00174,870,0.2,b,8.88856690816115e-05,6.580409516391916e-07,0.4238694655100892,0.0001634202130828469,0.1291205511138934,3.621216649763815e-05,0.0001125111312696031,0.30882904,0.74297407,0.00360587,0.04575652,0.30462338
388,0.0187,0.00174,870,0.2,b,9.362831954182053e-05,6.807886177015606e-07,0.4420014380373577,0.00010798660218316684,0.13028340215093873,2.567164986901061e-05,0.00010802422823565097,0.29720017,0.85100525,0.00400093,0.04458258,0.29475787
389,0.0187,0.00174,870,0.2,b,8.626855845983737e-05,6.326093168024074e-07,0.43787775038840465,0.00018108418044917926,0.131417912017623,3.473346781209103e-05,0.00010424592262878957,0.30317387,0.76954841,0.00339666,0.04644538,0.30012466
390,0.0187,0.00174,870,0.2,b,9.270300348470289e-05,4.768742124914157e-07,0.46706588058283677,7.219118973773412e-05,0.1385706398517125,3.468180764637943e-05,0.00011558272137072908,0.30013118,0.94086592,0.00392224,0.04480453,0.29668329
391,0.0187,0.00174,870,0.2,b,8.466313349697256e-05,9.981328417175888e-07,0.437420135934101,0.00043003834295671657,0.11583517469601284,0.0007451563266687356,0.00023476718120603,0.29243572,0.75364969,0.00327141,0.04688368,0.26481445
392,0.0187,0.00174,870,0.2,b,7.620392014137782e-05,6.096692578116133e-07,0.4919144719751042,0.00036815154379637804,0.1452681440298775,9.41768646436042e-05,0.000114182348022213,0.30048026,0.85789504,0.00265034,0.04941743,0.29531179
393,0.0187,0.00174,870,0.2,b,8.416888296268735e-05,4.181934030396775e-07,0.4869346198041302,0.00012866315548996885,0.14280430109834896,3.2663880242950424e-05,0.00010049630176576115,0.29556648,0.92847564,0.00323333,0.04702113,0.29327202
394,0.0187,0.00174,870,0.2,b,8.920356086476615e-05,4.4129053598437377e-07,0.4855399184658925,5.715355535170049e-05,0.14015705143814883,2.4240265109398395e-05,0.00011140714772937341,0.29184546,0.97838485,0.00363171,0.04567491,0.28866226
395,0.0187,0.00174,870,0.2,b,8.60441729699838e-05,6.665952708298351e-07,0.47201122131378825,0.00015753898869919972,0.13655735165225327,2.3682867340477158e-05,0.00012393189356406565,0.29501953,0.89187452,0.00337901,0.0465059,0.28930954
396,0.0187,0.00174,870,0.2,b,8.187083855337951e-05,5.082079593140449e-07,0.4559480291846967,0.00014438427600041163,0.13658722619566613,2.9096219724175622e-05,0.0001010622994895399,0.30257552,0.79184024,0.00305918,0.04767648,0.29956753
397,0.0187,0.00174,870,0.2,b,8.077169240634015e-05,5.19644128918959e-07,0.4893460088888936,0.00014944822370565808,0.1422187407298405,2.5491880723586963e-05,0.00010364277245549095,0.29383645,0.89984753,0.00297759,0.04799978,0.29063023
398,0.0187,0.00174,870,0.2,b,8.157158661579254e-05,4.6385758579459663e-07,0.12922612511404993,2.5475755921791944e-05,0.0548603983266056,1.9253440014822247e-05,8.753862585202416e-05,0.4327084,0.06337489,0.00303686,0.04776385,0.42453024
399,0.0187,0.00174,870,0.2,b,8.903302067035162e-05,2.8598066295263105e-07,0.13123385193971068,2.2555551696462616e-05,0.05555003889958738,1.8696049560898505e-05,9.444711730239444e-05,0.43051442,0.07133793,0.00361784,0.04571864,0.42329047
400,0.0187,0.00174,870,0.2,b,8.783140025155528e-05,2.9891546531747916e-07,0.49166374582580474,7.35171868454929e-05,0.14330670824601452,2.4912908040869287e-05,0.0001083254642250688,0.29431257,0.98778818,0.00352084,0.04603031,0.291473
401,0.0187,0.00174,870,0.2,b,8.518017920810251e-05,3.474149801595686e-07,0.4807420719018296,7.617385274971676e-05,0.14201772509677077,2.6011765867213316e-05,0.0001046299131959137,0.29819511,0.91588397,0.00331149,0.04674117,0.29541356
402,0.0187,0.00174,870,0.2,b,8.630400288885238e-05,3.381804872854967e-07,0.12951943070383531,2.3111182714276722e-05,0.05467241546601343,2.1026946652933907e-05,9.393527872717951e-05,0.43256044,0.06735633,0.00339945,0.04643584,0.42211748
403,0.0187,0.00174,870,0.1,b,6.59987656327208e-05,3.350706017783188e-07,0.1580107425621121,4.0465917677509326e-05,0.06716165328418597,2.6734142678108665e-05,7.73973128456469e-05,0.43545424,0.07666315,0.00198801,0.05310078,0.42504486
404,0.0187,0.00174,870,0.1,b,6.519888912127451e-05,3.18282699889576e-07,0.1400078068857994,2.7146843027981046e-05,0.0600435011892046,2.5641650975891462e-05,7.035510968213708e-05,0.43483364,0.05945965,0.00194011,0.05342552,0.42885824
405,0.0187,0.00174,870,0.1,b,6.603533278113154e-05,3.8722450310669653e-07,0.14412322835706393,5.9636424058683584e-05,0.06012230725495994,5.504429810858674e-05,7.612411064770803e-05,0.4284287,0.06381488,0.00199021,0.05308608,0.41715904
406,0.0187,0.00174,870,0.1,b,6.800425431628489e-05,3.439769754202278e-07,0.13301030343557504,4.521309735560534e-05,0.05505155685168667,6.840216936931881e-05,8.357664855637033e-05,0.43425121,0.05597374,0.00211066,0.05231193,0.41388942
407,0.0187,0.00174,870,0.1,b,6.750925080980942e-05,3.365075209565646e-07,0.13573302648937766,5.419413229199165e-05,0.05636529660175088,7.423766496849524e-05,7.593265034441716e-05,0.42592985,0.05786447,0.00208005,0.05250337,0.41526589
408,0.0187,0.00174,870,0.1,b,6.692115194142108e-05,3.8861037646404835e-07,0.13861181011420454,5.234125187111164e-05,0.0576963924763497,3.219686446912994e-05,7.442677216273617e-05,0.42535155,0.05981933,0.00204397,0.05273356,0.41624442
409,0.0187,0.00174,870,0.1,b,6.595327398492009e-05,3.4712125263383834e-07,0.1484462087569013,5.186953894877444e-05,0.06066345387139228,3.2603821479651175e-05,8.798024324080171e-05,0.43198559,0.06761643,0.00198527,0.05311909,0.40865613
410,0.0187,0.00174,870,0.1,b,8.995535612246947e-05,2.9918535805687447e-07,0.13713368855764901,2.0417441534877987e-05,0.05962131750020052,1.9818462565041885e-05,9.573648315265087e-05,0.4416498,0.07870331,0.00369318,0.04548365,0.43476784
411,0.0187,0.00174,870,0.1,b,9.015870421357869e-05,2.458285912121661e-07,0.13737315364097913,2.090479987770834e-05,0.05864374668161776,2.09900049642152e-05,9.958823238558221e-05,0.43822586,0.07915695,0.0037099,0.04543233,0.42689379
412,0.0187,0.00174,870,0.1,b,8.7430968488715e-05,2.568050012754219e-07,0.1335622172533652,2.281226591043477e-05,0.056844595024470396,2.40291461392046e-05,9.54588265732082e-05,0.43585324,0.07256216,0.00348881,0.0461356,0.42560386
413,0.0187,0.00174,870,0.1,b,8.837066073842312e-05,2.954016850605184e-07,0.13305735567456123,2.2171357914492848e-05,0.058306561552747056,1.7081960413597908e-05,9.612117074632686e-05,0.4478994,0.07278863,0.00356421,0.04588965,0.43820623
414,0.0187,0.00174,870,0.1,b,6.772926148543575e-05,3.0161016090002694e-07,0.17121316033285292,3.163402618159337e-05,0.06928339314637039,3.735671804941395e-05,7.765671677537002e-05,0.41278993,0.09236943,0.00209363,0.05241802,0.40466161
415,0.0187,0.00174,870,0.1,b,6.847663898005177e-05,3.400293748684578e-07,0.17213604224563894,3.581135522267706e-05,0.07196224643328349,2.9907186477397255e-05,7.790910076856626e-05,0.42545887,0.0943982,0.00214009,0.05213119,0.4180545
416,0.0187,0.00174,870,0.1,b,6.642861927474898e-05,3.5530073900003906e-07,0.1635249528431683,3.181393494750182e-05,0.06567802962945525,3.652989653238289e-05,7.825721252860164e-05,0.41230198,0.08264202,0.00201399,0.0529287,0.40163919
417,0.0187,0.00174,870,0.1,b,6.783960911262412e-05,3.3929164019654604e-07,0.16817547681161363,3.2508383885368515e-05,0.06838751963829888,3.3850286290069284e-05,8.030938002726777e-05,0.41714449,0.08926605,0.00210045,0.05237538,0.40664383
418,0.0187,0.00174,870,0.1,b,7.086613119725778e-05,3.9352498966186624e-07,0.19396098419550492,3.783654180291302e-05,0.0779538935971597,3.194027379582979e-05,8.29849328663621e-05,0.40969236,0.12403525,0.00229205,0.05124476,0.40190502
419,0.0187,0.00174,870,0.1,b,6.957037571049815e-05,8.84270820288517e-07,0.18956447087498104,3.803682556485042e-05,0.07585763632834917,3.698178318978473e-05,7.929736575695506e-05,0.40674965,0.11630969,0.002209,0.05171978,0.40016801
420,0.0187,0.00174,870,0.1,b,6.86391805371864e-05,4.2863682623363327e-07,0.19495461913169004,3.684711021664812e-05,0.07771264925463814,3.6986421967186644e-05,7.999069439505458e-05,0.4059028,0.12137152,0.00215026,0.05206942,0.39861917
421,0.0187,0.00174,870,0.1,b,6.827887992092784e-05,3.9592686764254653e-07,0.1893245210858406,3.796701228332866e-05,0.07571120843004696,3.7717494661620684e-05,8.197790609266347e-05,0.4091698,0.11386173,0.00212774,0.05220663,0.39990176
422,0.0187,0.00174,870,0.1,b,6.846577586948657e-05,4.362132547309835e-07,0.21625345324424886,4.74272734894894e-05,0.08483426803325526,3.906570256398659e-05,8.130229513117554e-05,0.39909598,0.14896261,0.00213941,0.05213532,0.39229093
423,0.0187,0.00174,870,0.1,b,6.617143332858756e-05,4.4582192910752365e-07,0.21648716332746787,4.299364385238582e-05,0.0850308558917265,4.253647380070885e-05,7.436380580167416e-05,0.39711737,0.14428211,0.00199842,0.05303146,0.39277551
424,0.0187,0.00174,870,0.1,b,6.793808717712527e-05,8.3077855927901e-07,0.20468229324164303,4.527596806077148e-05,0.08114635553739914,3.978528102862875e-05,7.542251531970275e-05,0.40084649,0.13241937,0.00210656,0.0523374,0.3964503
425,0.0187,0.00174,870,0.1,b,6.780307867263884e-05,4.2007505278316617e-07,0.22803700018998216,4.5449190522907046e-05,0.08832515372567873,4.1112145650094045e-05,8.168012721414909e-05,0.39402911,0.16403544,0.00209819,0.05238948,0.38732817
426,0.0187,0.00174,870,0.1,b,6.984387577752688e-05,8.18630275777029e-07,0.22639299772355187,4.3042923534493704e-05,0.08606416184519941,4.959938342927863e-05,8.281585900014386e-05,0.38662981,0.16654514,0.0022264,0.05161841,0.38015382
427,0.0187,0.00174,870,0.1,b,7.005652332312575e-05,4.324801410344333e-07,0.22704591382982206,4.385769043042894e-05,0.08599280391546715,4.965877857850839e-05,8.053805947313423e-05,0.38397666,0.16801715,0.00223998,0.05154001,0.37874632
428,0.0187,0.00174,870,0.1,b,6.6162202179054e-05,3.9972906004576887e-07,0.23054743966169466,4.8598538773816405e-05,0.08617015991878142,5.397066159772585e-05,8.345103702215032e-05,0.38220515,0.16360938,0.00199787,0.05303516,0.37376325
429,0.0187,0.00174,870,0.1,b,8.882520423948594e-05,9.9187232323044e-07,0.7517122703304958,0.00035750153073403265,0.19290131884512557,1.638309907889569e-05,0.00013036270847671864,0.25941078,2.33516267,0.00360097,0.04577209,0.2566159
430,0.0187,0.00174,870,0.1,b,6.813342097774503e-05,1.99879252690878e-06,0.9759808464084424,0.0003697999317543621,0.24785030986381054,0.00023023794398107603,0.00011604386167645228,0.25588558,3.01939847,0.00211869,0.05226232,0.25394997
431,0.0187,0.00174,870,0.1,b,7.273906685985691e-05,9.72053608457821e-07,0.13649676594986504,2.776569736385637e-05,0.05891059080758436,2.511966362746753e-05,7.893187304011485e-05,0.43907976,0.06305073,0.00241481,0.05058071,0.43158965
432,0.0187,0.00174,870,0.1,b,8.81527826353323e-05,3.3453609535058413e-07,0.7758310348702563,0.00044704735707091017,0.19733513751861295,2.0623422727840632e-05,0.0001418821825527734,0.25777303,2.46858433,0.00354665,0.04594633,0.25435324
433,0.0187,0.00174,870,0.1,b,6.753283742338192e-05,5.001795336539416e-07,0.9989905852425007,0.0005514420972891385,0.24758620187700642,2.855570219196409e-05,0.00010737583603814416,0.24941164,3.1355623,0.0020815,0.0524942,0.24783637
434,0.0187,0.00174,870,0.1,b,7.221885941023181e-05,9.73843733214938e-07,0.6056282078172088,0.0001983215534617841,0.1738194155947944,2.0317807376280275e-05,0.00011051650419914062,0.2905538,1.23236814,0.00238039,0.05076256,0.2870068
435,0.0187,0.00174,870,0.1,b,7.216750423514996e-05,1.95820740452006e-06,0.1382810772352303,2.609727342567781e-05,0.05819664245098926,2.7587257380305093e-05,7.994551358790447e-05,0.43023463,0.06420145,0.002377,0.05078062,0.4208576
436,0.0187,0.00174,870,0.1,b,8.826246821829134e-05,3.7482778360465016e-07,0.7962875194297622,0.0003850074481986288,0.2016648337665251,1.9244689889601237e-05,0.00012948624415009058,0.25576226,2.60371552,0.00355548,0.04591777,0.2532563
437,0.0187,0.00174,870,0.1,b,6.760815797127729e-05,5.41204098740493e-07,0.9857648693250108,0.00032380420704812254,0.24461912154015644,3.355898200926408e-05,0.00010322856914693677,0.2495965,3.05649312,0.00208615,0.05246495,0.24815159
438,0.0187,0.00174,870,0.1,b,7.284026166765587e-05,1.51519238586186e-06,0.5998332134200557,0.00016942397660217059,0.17249274497605288,1.7790833047834962e-05,0.00010653264695732424,0.29074477,1.21929884,0.00242153,0.05054557,0.28756785
439,0.0187,0.00174,870,0.1,b,7.237198898645554e-05,5.200118857509847e-07,0.13666883094547597,2.520738774556389e-05,0.05755935438226589,2.6844994759264615e-05,8.014553996250834e-05,0.43074427,0.0628908,0.00239049,0.05070883,0.42115934
440,0.0187,0.00174,870,0.1,b,8.822921367115173e-05,4.2998333716575135e-07,0.7848430665123005,0.0002603958400178442,0.1994067734204562,1.989363077824392e-05,0.00012974570450873657,0.25666132,2.52845778,0.00355281,0.04592642,0.25407216
441,0.0187,0.00174,870,0.1,b,6.939138329685728e-05,8.54801017010095e-07,0.9958906575153579,0.00026100801340084393,0.25076177509749903,0.0008835479333643898,9.480262858894701e-05,0.25279273,3.20189074,0.00219765,0.05178644,0.25179649
442,0.0187,0.00174,870,0.1,b,7.019068037003348e-05,8.65614369708891e-07,0.5284524569001424,0.0002898652177702143,0.160115767534171,0.0005529579348196401,7.891672954789504e-05,0.30399992,0.91194562,0.00224857,0.05149074,0.30298992
443,0.0187,0.00174,870,0.1,b,6.973010954075942e-05,2.1353770776373982e-07,0.956936445049053,0.0004077520701052724,0.2393052577769055,0.0003366494760633516,0.00013594827128741283,0.25289512,2.97073685,0.00221915,0.0516605,0.25007435
444,0.0187,0.00174,870,0.1,b,6.966939994962668e-05,8.44253718586301e-07,0.975479567883702,0.00036681055166624737,0.2528249957436193,0.0010791337182493846,9.741202017369337e-05,0.26028138,3.08429614,0.00221529,0.05168301,0.25918021
445,0.0187,0.00174,870,0.1,b,7.299413373559977e-05,7.15316671143574e-07,0.5081406243481555,0.0001593305969968903,0.16091971562902227,0.0002181356796794599,8.099289626789582e-05,0.3176416,0.87686642,0.00243177,0.05049226,0.31668343
446,0.0187,0.00174,870,0.1,b,9.011971302904623e-05,9.58179791828186e-07,0.747991818350253,0.0002262512879557785,0.1946762469083428,3.1045912890545565e-05,0.00011776575387482027,0.26212107,2.34580086,0.00370669,0.04544215,0.26026521
447,0.0187,0.00174,870,0.3,b,0.00016450347875245988,8.48179034495121e-07,0.08358877793300414,1.0571359209237873e-05,0.03460030730613974,9.5454599420423e-05,0.00017016911842502024,0.43272553,0.05347474,0.01235085,0.03363421,0.41393484
448,0.0187,0.00174,870,0.3,b,0.0001640903104789239,3.567923157354166e-07,0.03419982807234396,1.683226449883415e-05,0.006958240752487967,0.00040600476956216666,0.0001677677441288315,0.32106485,0.00892912,0.01228889,0.03367653,0.20345835
449,0.0187,0.00174,870,0.3,b,0.0001766175785891627,6.379303816165858e-07,0.14618112378133294,1.1516950759503227e-05,0.0574299765190157,4.356121419287008e-05,0.0001820860794164514,0.39920758,0.17558773,0.01423687,0.03246025,0.39286862
450,0.0187,0.00174,870,0.3,b,0.0001760704931795579,2.4052979814472374e-07,0.056973216004697944,1.0794251815661436e-05,0.023403430985533533,5.717798578320923e-05,0.00017643563992061404,0.4134573,0.02658923,0.01414881,0.03251064,0.41077953
451,0.0187,0.00174,870,0.3,b,0.00017822002165232865,3.6329095353459784e-07,0.14177621668468193,1.640955077148175e-05,0.056405830318050736,4.5550962826631394e-05,0.00018069988959308636,0.40088168,0.16666366,0.01449638,0.03231399,0.39785115
452,0.0187,0.00174,870,0.3,b,0.00017871700609665243,2.5734245573518993e-07,0.14104057394410568,1.0950101586419613e-05,0.05533525155616384,7.23138416883999e-05,0.00018163295021972486,0.39598397,0.16539854,0.01457734,0.03226903,0.39233569
453,0.0187,0.00174,870,0.3,b,0.00017839176242173257,2.822283839193588e-07,0.05525890100861756,1.0026719179695899e-05,0.02238165855798158,1.582077591200874e-05,0.0001802546465011411,0.41954864,0.02534294,0.01452433,0.03229843,0.40503264
454,0.0187,0.00174,870,0.3,b,0.0001799726068754616,2.7088234309853955e-07,0.0714491525924831,1.0634177158154195e-05,0.028905314198079537,6.962830215428643e-05,0.00018900384917572998,0.44539517,0.0427443,0.01478289,0.03215627,0.40455783
455,0.0187,0.00174,870,0.3,b,0.00018035861973775833,2.584248776085258e-07,0.07317638525697487,1.0691785717055754e-05,0.029453724271785716,2.260458819914786e-05,0.00018126312337315815,0.40659917,0.04493207,0.01484638,0.03212184,0.40250313
456,0.0187,0.00174,870,0.3,b,0.00017869102913453842,2.6711677525504594e-07,0.07164313433638549,1.0784408487984835e-05,0.029202594535727714,8.758026516059454e-05,0.00018139645809342326,0.42010597,0.04267068,0.01457311,0.03227137,0.40761191
457,0.0187,0.00174,870,0.3,b,0.00016930230786792343,1.987162480107928e-07,0.2883445991049682,3.0167831902404813e-05,0.09222559679186823,4.342580405014289e-05,0.00017829239873012252,0.32314447,0.65488368,0.01308195,0.03315411,0.31984506
458,0.0187,0.00174,870,0.3,b,0.00016859977573842078,2.11663204025801e-07,0.09147045768431375,1.1472853370341983e-05,0.03814887508272591,5.303275004485139e-05,0.0001741807109245354,0.4324674,0.06562908,0.0129736,0.03322311,0.41706225
459,0.0187,0.00174,870,0.3,b,0.0001684144683429894,1.917584721458029e-07,0.03756462468984609,1.4946536136500791e-05,0.01130145835050206,8.778159489691537e-05,0.00017391438588948294,0.4086368,0.01105644,0.0129451,0.03324139,0.30085375
460,0.0187,0.00174,870,0.3,b,0.0001795769179694103,1.9555645897316923e-07,0.24589244286805848,2.126214523951678e-05,0.08247729493650013,3.0981277242738865e-05,0.00018942902876330488,0.34015244,0.50514787,0.01471796,0.03219167,0.33542021
461,0.0187,0.00174,870,0.3,b,0.00017931675290759857,2.1503165933083344e-07,0.08156033907839963,1.0305005123547874e-05,0.03430053145981634,9.416389506016627e-06,0.00018240346996263118,0.43124219,0.05549535,0.01467535,0.03221502,0.42055406
462,0.0187,0.00174,870,0.3,b,0.00017929140469131745,1.7875564247335427e-07,0.03243445224777196,1.71343155411707e-05,0.006089197159239632,5.6360819703123055e-05,0.0001847201905291026,0.3694513,0.00877506,0.0146712,0.0322173,0.18773855
463,0.0187,0.00174,870,0.3,b,0.00018105457643861198,2.696498572898628e-07,0.08413268591382095,1.0962102605882623e-05,0.03440383654842094,3.5202849819519e-05,0.00018195548147406442,0.41196558,0.05962339,0.01496117,0.03206004,0.40892355
464,0.0187,0.00174,870,0.3,b,0.00018113616635808639,1.6238947420953015e-07,0.03331751490485442,1.5821951617751013e-05,0.0058062176999630994,8.150361890234233e-05,0.00018677953326913518,0.36071455,0.00935466,0.01497466,0.03205282,0.17426923
465,0.0187,0.00174,870,0.3,b,0.0001708178224729345,1.7470107607573558e-07,0.09481309522381852,1.2582608431530578e-05,0.039811715837241704,3.889442684404461e-05,0.0001713664091412925,0.42132012,0.07144099,0.0133172,0.03300671,0.41989681
466,0.0187,0.00174,870,0.3,b,0.00017090276181894746,1.3653637850896862e-07,0.038513091489406064,1.3511217416138644e-05,0.009434087572298267,9.366256574292336e-05,0.0001779191064554464,0.39091437,0.01179352,0.01333045,0.03299851,0.24495794
467,0.0187,0.00174,870,0.3,b,0.00017142254794111732,2.937168758241116e-07,0.09183198443136863,1.2348795538615592e-05,0.037713737190384566,6.260495906114532e-05,0.00017389039415790304,0.4176137,0.06725639,0.01341166,0.03294844,0.41068194
468,0.0187,0.00174,870,0.3,b,0.0001718157019552758,1.0335481732361055e-07,0.2927881007246869,2.967396572169074e-05,0.09257043252841837,6.805150694549913e-05,0.00017197610773340185,0.31622675,0.68524731,0.01347325,0.03291072,0.3161687
469,0.0187,0.00174,870,0.3,b,0.0001710283989488862,2.8748706451256905e-07,0.09225122125886605,1.1555409066799028e-05,0.036140385757875836,8.250714960189348e-05,0.0001762116283219436,0.40672589,0.06771582,0.01335006,0.03298638,0.39176051
470,0.0187,0.00174,870,0.3,b,0.00017067499417745713,2.675781942374957e-07,0.03732839272163767,1.3039977709920054e-05,0.011114213841519359,0.0003411289702531579,0.00017778479882853528,0.4344654,0.01106436,0.01329494,0.03302052,0.29774156
471,0.0187,0.00174,870,0.3,b,0.00017248645689864412,1.253495004520589e-07,0.2891440341088011,3.750235181173544e-05,0.08945760539868379,6.738739913013036e-05,0.00019095200882888872,0.31631343,0.67090514,0.01357865,0.03284667,0.30938769
472,0.0187,0.00174,870,0.3,b,0.00017169882026856438,3.171004666182863e-07,0.09165619202231917,1.3167255178086565e-05,0.03744391972298269,9.517664822583388e-05,0.00017247773364656983,0.41074623,0.06710712,0.01345492,0.03292192,0.40852581
473,0.0187,0.00174,870,0.3,b,0.00017010136962652015,5.923338923261069e-07,0.10708673123280914,1.5597490345938478e-05,0.044248740198502674,7.115076862105138e-05,0.0001718681351037705,0.41684638,0.09075212,0.01320573,0.03307615,0.4132047
474,0.0187,0.00174,870,0.3,b,0.0001696669033330878,3.0289922881399813e-07,0.0424444285117043,1.0939380184661784e-05,0.014983836758813197,7.17891084817647e-05,0.00017635034377204358,0.44431128,0.01422054,0.01313835,0.03311847,0.35302246
475,0.0187,0.00174,870,0.3,b,0.00017093941530526617,2.074965753443144e-07,0.38237924508332394,2.3837847213784918e-05,0.1057974377945221,4.6187247185570396e-05,0.0001997856270484889,0.28359071,1.16280926,0.01333617,0.03299497,0.27668196
476,0.0187,0.00174,870,0.3,b,0.0001697642505789844,4.309879011813728e-07,0.10683095193683277,1.3309862379946502e-05,0.04303695416697866,1.4278468183225002e-05,0.00017603358426897868,0.41601276,0.09014011,0.01315343,0.03310897,0.40285098
477,0.0187,0.00174,870,0.3,b,0.00016955762374564414,2.835188824220629e-07,0.04318906544795402,1.1523527077443793e-05,0.014262727011990023,0.0001083712664203602,0.00017708023033572272,0.43380191,0.0147144,0.01312143,0.03312914,0.33023931
478,0.0187,0.00174,870,0.3,b,0.0001630547303127513,1.9264327896277734e-07,0.4348194594140033,5.4213898624318076e-05,0.12580932845453766,0.00011694824028787816,0.00017982945759718847,0.29232963,1.43426365,0.01213426,0.0337833,0.28933693
479,0.0187,0.00174,870,0.3,b,0.00016167333432481646,4.224800239495806e-07,0.11739257276273563,1.675194215570159e-05,0.04928704640893596,2.080408476425518e-05,0.0001639089886013096,0.42362166,0.10365668,0.01192953,0.03392733,0.41984808
480,0.0187,0.00174,870,0.3,b,0.00016560881871413978,1.450978514611839e-07,0.4910360016659896,5.5297498161408706e-05,0.12709855985201243,3.9785768942704465e-05,0.0001918459141656182,0.26292933,1.85775216,0.01251738,0.03352178,0.25883756
481,0.0187,0.00174,870,0.3,b,0.0001646579429569763,3.17788961554717e-07,0.12728451925115364,1.8205895079879033e-05,0.052080073103188566,2.2693126918426575e-05,0.0001666767419282357,0.41213939,0.12411135,0.01237405,0.03361843,0.40916266
482,0.0187,0.00174,870,0.3,b,0.00016441563959899587,1.768783230531085e-07,0.05041798567834388,1.2815203808501563e-05,0.01981985895201126,2.2105284988471437e-05,0.00016658989618488702,0.41390576,0.01944427,0.01233766,0.0336432,0.39311088
483,0.0187,0.00174,870,0.3,b,0.00017346235058587615,1.7792856705662905e-07,0.45085326768299777,6.842774264076277e-05,0.1176366402522874,2.2885097335799084e-05,0.00020039208880706804,0.26585443,1.64041343,0.01373274,0.03275414,0.26092001
484,0.0187,0.00174,870,0.3,b,0.00017259672552992454,3.3998339159166085e-07,0.11914334282256515,1.5863255526101858e-05,0.04822351153641523,8.302890578323658e-06,0.0001751855576766533,0.40914839,0.11398554,0.01359602,0.03283617,0.40475204
485,0.0187,0.00174,870,0.3,b,0.00017257060655782782,1.9126173893123603e-07,0.04717040823082215,1.1205055991127515e-05,0.01760801411132485,2.6917187626658052e-05,0.00017571968999800265,0.40879063,0.01786421,0.0135919,0.03283866,0.37328518
486,0.0187,0.00174,870,0.3,b,0.0001731050200749855,1.633582774773991e-07,0.4527791188457532,5.6006020634351994e-05,0.11781683140506817,3.856495757114071e-05,0.00020338134812305147,0.26571759,1.65104948,0.01367622,0.03278793,0.26020818
487,0.0187,0.00174,870,0.3,b,0.00017233127896663152,3.050560795895914e-07,0.11960756905526225,1.6575476963075446e-05,0.047626244572114444,9.056129990694831e-06,0.00017736664843281464,0.40676665,0.11469886,0.01355423,0.03286145,0.39818755
488,0.0187,0.00174,870,0.3,b,0.00017233418251211377,1.8270362699821714e-07,0.047842010190655516,1.2044947503330512e-05,0.018087558327305773,2.9251865394930817e-05,0.0001745446434189222,0.40234785,0.01835135,0.01355469,0.03286118,0.37806853
489,0.0187,0.00174,870,0.3,b,0.00017399779711895177,1.2726581989603505e-07,0.45154832456272126,4.931238101978765e-05,0.11793049431171738,4.653915421574162e-05,0.00020318542708904099,0.26649188,1.65055449,0.01381765,0.0327037,0.26116915
490,0.0187,0.00174,870,0.3,b,0.0001734158417831747,2.7500552496465924e-07,0.11933191337194725,1.5618040117589194e-05,0.04831798012662097,8.784158705602731e-06,0.00017555463661709527,0.40852681,0.11488931,0.01372537,0.03275853,0.40490409
491,0.0187,0.00174,870,0.3,b,0.0001735483376608198,1.6930234424375636e-07,0.047727337810198264,1.1089143035642905e-05,0.016993345912009603,1.867260099007516e-05,0.00017628246266718637,0.38771327,0.01839215,0.01374636,0.03274603,0.35605057
492,0.0187,0.00174,870,0.3,b,0.00017503877814892312,2.4357338415045073e-07,0.5096424352795051,6.769275818041893e-05,0.12857129767295553,1.882793289962114e-05,0.00021006835854021205,0.25746843,2.11515931,0.01398348,0.03260631,0.25227746
493,0.0187,0.00174,870,0.3,b,0.00017486058716573174,2.954255240175062e-07,0.1302851195006194,1.8615589998415182e-05,0.05135536744093292,8.727329723717216e-06,0.00017747964114930265,0.39799826,0.13808904,0.01395502,0.03262292,0.39417677
494,0.0187,0.00174,870,0.3,b,0.0001753496776759604,1.3004728074575987e-07,0.05134467293122674,1.0742075685608844e-05,0.019288638705569496,2.0669112123104243e-05,0.0001775047071762609,0.39644186,0.02150668,0.0140332,0.03257739,0.37566972
495,0.0187,0.00174,870,0.3,b,0.00017520478710923907,2.2509493819547904e-07,0.5120002515317409,6.288858322202737e-05,0.12905482918243819,1.7560554525944848e-05,0.00020801260717179604,0.25688473,2.13680043,0.01401001,0.03259086,0.25206009
496,0.0187,0.00174,870,0.3,b,0.00017513294668792463,3.447797910094097e-07,0.13087319038630169,1.640166358265856e-05,0.05166237679726925,7.761279317480392e-06,0.00018000575744633076,0.40175928,0.13955548,0.01399853,0.03259754,0.39475141
497,0.0187,0.00174,870,0.3,b,0.00017561529115806395,1.320077451669843e-07,0.052149818175259044,1.1204338372220034e-05,0.018151228172898357,1.9351387992082647e-05,0.00017941101955239207,0.38539426,0.02222008,0.01407574,0.03255275,0.34805928
498,0.0187,0.00174,870,0.3,b,0.00016660301458661176,3.1443139069456877e-07,0.5802029196865389,8.23233902600951e-05,0.14414144032433912,2.0741576377349423e-05,0.00021051536334461388,0.25353143,2.60927781,0.01266813,0.03342161,0.24843281
499,0.0187,0.00174,870,0.3,b,0.0001660636070139546,3.689808948715905e-07,0.1462131351471831,2.2205070334104333e-05,0.05735014396910515,9.148719782640416e-06,0.00016884711067986148,0.39547962,0.16516761,0.01258623,0.03347585,0.39223661
500,0.0187,0.00174,870,0.3,b,0.00016648969378602223,1.3870264110243687e-07,0.0568691506169634,9.783384565970691e-06,0.022294545471210767,1.6156137952432405e-05,0.00016960698252504327,0.4154524,0.02505062,0.0126509,0.03343298,0.39203233
501,0.0187,0.00174,870,0.3,b,0.00017196309828920275,2.8921241274397275e-07,0.5604351960939018,5.927943739717984e-05,0.13890591220335805,1.9906020141719464e-05,0.00022326863053208167,0.25423674,2.51283349,0.01349638,0.03289661,0.24785366
502,0.0187,0.00174,870,0.3,b,0.00017156806546327757,3.010128338475922e-07,0.14207217145808002,1.9540293947573743e-05,0.05488429429261601,7.688193292968201e-06,0.00017686379290367558,0.39291879,0.16111358,0.01343444,0.03293446,0.38631277
503,0.0187,0.00174,870,0.3,b,0.00017208053028327909,1.669452595026131e-07,0.055535969584800685,1.1070861128993817e-05,0.020327763047733528,1.551804477114428e-05,0.00017555139695883638,0.39503989,0.0246921,0.01351482,0.03288539,0.36602878
504,0.0187,0.00174,870,0.3,b,0.00017549800065698521,3.362147120663768e-07,0.5582816046640641,7.41440560849212e-05,0.13866282034184427,1.7187561202255914e-05,0.0002210472717408631,0.25408092,2.5448164,0.01405695,0.03256362,0.24837433
505,0.0187,0.00174,870,0.3,b,0.00017505902082696613,3.765229176341585e-07,0.1412356722827336,1.8172648209912543e-05,0.055225087624593695,8.228459255745744e-06,0.0001777710364561463,0.39440997,0.16246168,0.01398671,0.03260443,0.39101373
506,0.0187,0.00174,870,0.3,b,0.00017575265698944271,1.6063515367081156e-07,0.05476569845930345,1.0255458038834078e-05,0.019445768616990277,2.1704696745106967e-05,0.00017662363659315495,0.36300651,0.02452431,0.01409777,0.03254002,0.35507205
507,0.0187,0.00174,870,0.3,b,0.0001662175996203775,3.130085762933729e-07,0.6196233470309143,6.374500272969437e-05,0.15604377082008425,9.151695253001301e-06,0.00022734649028324913,0.25796408,2.96900001,0.01260958,0.03346034,0.25183649
508,0.0187,0.00174,870,0.3,b,0.0001653778306955344,4.3019578137799213e-07,0.1514106232030832,8.523692482054698e-06,0.0597250355709777,1.0836689182527625e-05,0.00016946670668341261,0.39886838,0.17638743,0.01248249,0.03354518,0.39445737
509,0.0187,0.00174,870,0.3,b,0.00016605880030540093,1.644603955137976e-07,0.06000542056860513,1.1686797694229842e-05,0.024222673592448132,1.3600563392585507e-05,0.00016789611937263467,0.41589048,0.02781765,0.0125855,0.03347633,0.40367476
510,0.0187,0.00174,870,0.3,b,0.00017530172577475824,4.325091000299451e-07,0.6009193634304528,7.048499518357971e-05,0.15199939932361337,1.0895374286805347e-05,0.00022835325531167308,0.25857981,2.94507416,0.01402552,0.03258185,0.25294475
511,0.0187,0.00174,870,0.3,b,0.00017423682864829484,5.776696673231938e-07,0.14797430750695087,9.104356464619459e-06,0.058623080338483874,8.368548672076878e-06,0.00017628050768444167,0.39847511,0.17749668,0.01385564,0.03268126,0.39617067
512,0.0187,0.00174,870,0.3,b,0.00017512646477786428,1.9550585950502767e-07,0.05729746291063691,9.047236971982874e-06,0.02083116791477812,1.9923325142487206e-05,0.00018045519982567542,0.40499751,0.02674855,0.01399749,0.03259815,0.36356179
513,0.0187,0.00174,870,0.3,b,0.00017416014718805038,5.031477620134543e-07,0.5998023872076105,5.208881560364911e-05,0.15182323013829438,1.0664359910969928e-05,0.000223927230685168,0.25842771,2.91502853,0.01384345,0.03268846,0.25312208
514,0.0187,0.00174,870,0.3,b,0.00017301386812826515,6.033022965257271e-07,0.14724914639008713,8.11806241778291e-06,0.05763412822512686,9.525152061032382e-06,0.00018142448442669626,0.40100987,0.17452761,0.01366182,0.03279657,0.39140552
515,0.0187,0.00174,870,0.3,b,0.00017366815445677203,6.322685817176245e-07,0.5982019956981952,5.6142000228753186e-05,0.1521992687289909,1.4771908076339944e-05,0.00021243276498099077,0.25857096,2.89130262,0.01376534,0.03273473,0.25442789
516,0.0187,0.00174,870,0.3,b,0.00017182766330082604,7.796343659007785e-07,0.1471403044393328,9.624644291922492e-06,0.05910150777248754,1.533973110081525e-05,0.0001766547101922605,0.40707656,0.17307488,0.01347513,0.03290958,0.4016677
517,0.0187,0.00174,870,0.3,b,0.00017299369109050964,3.3577156646829107e-07,0.05768568240791308,1.2835008819491683e-05,0.02122695474399171,5.7149885437250095e-05,0.00017869159892232225,0.4110982,0.02678206,0.01365863,0.03279848,0.36797614
518,0.0187,0.00174,870,0.3,b,0.00011859963278634598,7.855382302627077e-07,0.8327297812864533,0.00016117458539811538,0.2159375831974241,5.964664977244889e-05,0.00016602323049736816,0.26188734,3.82621336,0.00641968,0.03961203,0.25931291
519,0.0187,0.00174,870,0.3,b,0.00012079470526183115,5.002954502670078e-07,0.8418631871897795,8.728965719405425e-05,0.21713780281793413,2.9636280831696096e-05,0.0001839681987371209,0.26129351,3.98298419,0.00665951,0.03925047,0.25792529
520,0.0187,0.00174,870,0.3,b,0.0001371277025084227,1.6812807118695714e-07,0.7296072047470713,0.00012705739200036546,0.18690380440477333,1.033020024468288e-05,0.00019224181236161882,0.26010506,3.39610472,0.00858217,0.03683886,0.25617045
521,0.0187,0.00174,870,0.3,b,0.0001374979113267067,1.9530515585976578e-07,0.7241667914750489,8.197729233195391e-05,0.18559913487000626,1.0642790504661112e-05,0.00018773555927422013,0.25993426,3.3546789,0.00862857,0.03678924,0.25629335
522,0.0187,0.00174,870,0.3,b,0.00017406485198567993,2.631071621912228e-07,0.6425779837808144,6.634771180607775e-05,0.16294384714052165,9.959254159594579e-06,0.00024070010322060773,0.25974653,3.34380093,0.0138283,0.0326974,0.25357832
523,0.0187,0.00174,870,0.3,b,0.00017536833373390498,4.0601734065849804e-07,0.6418036418454588,8.513450498168223e-05,0.16335090886178188,1.2419075805292638e-05,0.00023222549885427074,0.25978427,3.36072654,0.01403618,0.03257566,0.25451851
524,0.0187,0.00174,870,0.3,b,0.00017476985800280362,4.917940010367316e-07,0.1580384603959615,1.9342156023132272e-05,0.06051557663535578,4.493589450550442e-05,0.00018095261902975805,0.38920703,0.20308122,0.01394054,0.03263139,0.38291677
525,0.0187,0.00174,870,0.3,b,0.00017549323897146288,1.7180194639727932e-07,0.06065282423320173,9.519054897815672e-06,0.022374792159954724,6.54984530740978e-05,0.00017960007002720197,0.3974793,0.03003586,0.01405618,0.03256407,0.36889943
526,0.0187,0.00174,870,0.3,b,0.0001757788533384269,3.821553113003765e-07,0.6433872971260053,6.286976420836954e-05,0.16314123338464726,1.2435917477176642e-05,0.00024847219406805835,0.26027151,3.38523823,0.01410197,0.0325376,0.25356614
527,0.0187,0.00174,870,0.3,b,0.00017422113674309293,5.755700552162385e-07,0.6375268355413352,9.238217247552485e-05,0.16331832903768653,1.9093976766246013e-05,0.00022528828005765133,0.26094194,3.29439318,0.01385314,0.03268274,0.25617483
528,0.0187,0.00174,870,0.3,b,0.0001743492092773852,2.312144921694746e-07,0.06066938357795891,1.1093485039674925e-05,0.02425474017784495,5.5239145583224e-05,0.00017910182963572652,0.43030433,0.02985636,0.01387352,0.03267073,0.39978551
529,0.0187,0.00174,870,0.3,b,0.0001633178469188359,2.8498656378436854e-07,0.6909232313368986,4.546007570339476e-05,0.17732634649959791,1.3281340068619627e-05,0.00021683924134963621,0.26090153,3.62719482,0.01217346,0.03375608,0.2566513
530,0.0187,0.00174,870,0.3,b,0.00016193075057583485,5.146080283522891e-07,0.16787094107090503,2.5344266681998882e-05,0.0649785861508197,7.271300783298259e-05,0.00016739580185646906,0.39195877,0.21230393,0.01196755,0.03390035,0.38707465
531,0.0187,0.00174,870,0.3,b,0.00016243803183135948,1.7656466073843427e-07,0.06490039051605077,1.0100175701902517e-05,0.026988590866275673,2.857428787650239e-05,0.00016494151314293596,0.42963885,0.03183171,0.01204265,0.03384737,0.41584636
532,0.0187,0.00174,870,0.3,b,0.00016916712295631328,3.9476968034243105e-07,0.6745480659617252,0.00012312426024144475,0.17295656335072995,1.5602689977675032e-05,0.00022815565254930218,0.2613166,3.58112444,0.01306106,0.03316735,0.25640362
533,0.0187,0.00174,870,0.3,b,0.0001606611994919301,3.323123524885e-07,0.18407887758345948,0.00029870415403149,0.06391162222149568,2.3147397203526493e-05,0.0001763889237705281,0.36007267,0.25327747,0.01178063,0.03403403,0.34719694
534,0.0187,0.00174,870,0.3,b,0.0001683093309651542,2.615569921437564e-07,0.06356550146082185,1.0273907993781425e-05,0.02573058343076991,4.859002641304518e-05,0.0001734425242762903,0.4344873,0.03163944,0.01292894,0.03325177,0.40478849
535,0.0187,0.00174,870,0.3,b,0.00016809411429373938,7.195433828532677e-07,0.6695241517676509,5.886023395188845e-05,0.1720830671383166,4.0949057765976e-05,0.00023127251932464652,0.26234719,3.50560233,0.0128959,0.03327305,0.25702294
536,0.0187,0.00174,870,0.3,b,0.0001674302375566018,7.380001899845981e-07,0.1610510131182346,0.0005104302572125586,0.06241157328735551,0.00010061637958531785,0.00017533402170195867,0.39516538,0.20204051,0.01279424,0.03333895,0.38752674
537,0.0187,0.00174,870,0.3,b,0.00016802751648863667,2.735011846685634e-07,0.06334557630509181,1.1102341706454822e-05,0.02387618778376657,0.00012577144305746905,0.00017855329161769795,0.43992542,0.03136828,0.01288568,0.03327964,0.37691958
538,0.0187,0.00174,870,0.3,b,0.00016219760777482262,6.378449233200571e-07,0.7104007257344034,7.80926463552187e-05,0.18285146266367017,1.7722854973325706e-05,0.00021341246720675303,0.26123116,3.8082801,0.01200703,0.03387245,0.257392
539,0.0187,0.00174,870,0.3,b,0.00016105048032229483,7.910010828170759e-07,0.1732004661531157,9.482662818948942e-06,0.06718766141353677,1.046399729053298e-05,0.00016808941779240872,0.39380764,0.22476971,0.01183779,0.03399287,0.38791848
540,0.0187,0.00174,870,0.3,b,0.00017089922410416252,4.0889641352135775e-07,0.7091098058761149,9.726914347974675e-05,0.18253576763902007,1.018068865312901e-05,0.0002331924414869055,0.26209401,3.99801776,0.0133299,0.03299885,0.25741538
541,0.0187,0.00174,870,0.3,b,0.00017039985320090137,4.1190302138295284e-07,0.17407431434848988,1.0750840764361603e-05,0.06746122976548316,8.053186126464363e-06,0.0001737829760335501,0.39035864,0.24022392,0.01325211,0.03304717,0.3875427
542,0.0187,0.00174,870,0.3,b,0.00017129876701468274,4.856794144904396e-07,0.7078341914952364,5.8210641336190447e-05,0.18275521813630433,1.4318645695578625e-05,0.0002301665781287307,0.26261558,3.99295998,0.0133923,0.03296034,0.25818931
543,0.0187,0.00174,870,0.3,b,0.00016996392123570613,6.45854969199962e-07,0.17380598293840638,8.932176359482936e-06,0.06557657287355426,1.072503196467553e-05,0.0001786742205159872,0.38472154,0.23887122,0.01318439,0.03308952,0.37729756
544,0.0187,0.00174,870,0.3,b,0.00017309730569469754,2.1484086481007658e-07,0.7138789206323467,9.9083330970989e-05,0.18353840017011835,1.0414201752289844e-05,0.00024349054635059916,0.2623177,4.10409184,0.013675,0.03278866,0.25710018
545,0.0187,0.00174,870,0.3,b,0.0001731482640962466,2.1194587053810125e-07,0.17566779162716126,1.4702926662998425e-05,0.06660187879780648,8.069323099615275e-06,0.0001806879192537311,0.38540537,0.24858795,0.01368305,0.03278383,0.3791354
546,0.0187,0.00174,870,0.3,b,0.0001730139698674124,3.6041974907707643e-07,0.7316135494990794,0.00010770609187352958,0.18953353596828945,1.0781942276495304e-05,0.0002455813201548628,0.26414632,4.3084623,0.01366183,0.03279656,0.25906236
547,0.0187,0.00174,870,0.3,b,0.00017279816211957096,3.8733776720726576e-07,0.1808700343772806,1.392907042809738e-05,0.06864556360278681,7.605750623833713e-06,0.00017740782552744713,0.38315463,0.26299652,0.01362777,0.03281703,0.37952978
548,0.0187,0.00174,870,0.3,b,0.00017225832584708928,4.6527916659975474e-07,0.7415495230236149,9.42371624903476e-05,0.193055621614684,1.1508219677018457e-05,0.0002434306993626461,0.26517305,4.40695066,0.01354276,0.03286841,0.26034083
549,0.0187,0.00174,870,0.3,b,0.00017145642374443926,6.38405224605655e-07,0.18310263834758642,1.343255271193066e-05,0.06898003660463405,8.112030043303636e-06,0.0001767984178220835,0.3808553,0.26743646,0.01341696,0.03294518,0.3767288
550,0.0187,0.00174,870,0.3,b,0.0001725819679655533,3.6378992158441137e-07,0.7417914565107483,0.00012260327281923933,0.19296594691876823,1.1384204443031165e-05,0.00024097050963943847,0.2647805,4.41811196,0.01359369,0.03283758,0.26013504
551,0.0187,0.00174,870,0.3,b,0.00017212526793369302,4.4781567907197937e-07,0.18324346628281704,1.6370331028722206e-05,0.06891701092767863,7.408491174247687e-06,0.00017958647286769045,0.38184727,0.26889286,0.01352184,0.03288111,0.37609532
552,0.0187,0.00174,870,0.3,b,0.000172407205561346,6.080078116810552e-07,0.7615470623647935,0.00023911570622464498,0.19863906718142157,2.6592511472790034e-05,0.00025933943890241824,0.26641412,4.65185911,0.01356618,0.03285422,0.26083623
553,0.0187,0.00174,870,0.3,b,0.00017234698803308707,5.794748883100085e-07,0.18925974958392083,2.553382017058628e-05,0.07104376594306178,1.2105809360037043e-05,0.00017933050044669025,0.3804381,0.28720888,0.0135567,0.03285996,0.37537705
554,0.0187,0.00174,870,0.3,b,0.00017405773221582107,4.1073372721452596e-07,0.7614130919957124,0.00012018999739771127,0.19937368114419224,1.6878689642263737e-05,0.00024133848166504383,0.26615924,4.69474109,0.01382717,0.03269807,0.26184693
555,0.0187,0.00174,870,0.3,b,0.00017431706433567256,3.263903742473761e-07,0.18951987988463223,1.7288670211190885e-05,0.07088817535456143,9.421868299136736e-06,0.00018073291194242554,0.3786967,0.29129102,0.0138684,0.03267374,0.37404084
556,0.0187,0.00174,870,0.3,b,0.00017392039278353106,4.769425325760562e-07,0.7620539040288915,0.00016394036465814567,0.19955705359971107,1.939030548705723e-05,0.0002387551673869755,0.26601688,4.69893609,0.01380536,0.03271098,0.26186737
557,0.0187,0.00174,870,0.3,b,0.00017439639677364478,2.851245313758158e-07,0.1890391117786246,9.951871741162978e-06,0.07076504087901497,8.45718686315164e-06,0.0001819472478613992,0.37983764,0.28994691,0.01388103,0.03266631,0.37434074
558,0.0187,0.00174,870,0.3,b,9.949031191392256e-05,2.010747688252845e-07,1.0634534880770479,0.00015194193434471426,0.27557990471811156,1.9012073416587707e-05,0.00014687158883022977,0.26071797,5.23474389,0.0045176,0.04324923,0.25913677
559,0.0187,0.00174,870,0.3,b,9.964056248694899e-05,1.965439216863421e-07,1.0471760398852852,7.874758784712404e-05,0.2716918350593074,1.9984958000188564e-05,0.00013398908501487353,0.26063358,5.08338742,0.00453126,0.04321661,0.25945192
560,0.0187,0.00174,870,0.3,b,9.948231369997489e-05,2.3238198202814175e-07,1.0478323991084602,7.664216618401569e-05,0.2715478179153911,1.8726312837324388e-05,0.00014242945594603604,0.26062845,5.08167831,0.00451688,0.04325097,0.25915196
561,0.0187,0.00174,870,0.3,b,0.0001733340718544731,3.731434653911644e-07,0.797682259810757,0.00011336324728396722,0.21141509475737702,1.3442245704031803e-05,0.00024529362159022807,0.26919011,5.13122966,0.01371243,0.03276626,0.26503673
562,0.0187,0.00174,870,0.3,b,0.00017273455378347276,4.183636798318258e-07,0.797253495508864,0.00010875689294220003,0.2111135710668213,1.2992949780768238e-05,0.00024361771276178217,0.26890075,5.1079864,0.01361774,0.03282307,0.26480106
563,0.0187,0.00174,870,0.3,b,0.00017151999538140078,4.886549791213687e-07,0.7921711066133585,0.00015433654887944898,0.21007897167392048,1.3516032109778804e-05,0.000231588872971471,0.26871153,5.00760885,0.01342691,0.03293908,0.26519393
564,0.0187,0.00174,870,0.3,b,0.00016580478794920277,2.8719527057237523e-07,0.8135524602786158,0.00011046603613841912,0.2152394970893958,2.2482982210411565e-05,0.00022877932770080825,0.26807222,5.10558886,0.01254703,0.03350197,0.26456745
565,0.0187,0.00174,870,0.3,b,0.00017232916756475643,3.9549355733452295e-07,0.8158713990350993,0.00020883126710398604,0.2163933894352988,2.8653273035094108e-05,0.0002419870310907253,0.2690725,5.33678681,0.0135539,0.03286165,0.26522978
566,0.0187,0.00174,870,0.3,b,0.00017364866099457284,2.1716210838778806e-07,0.8124893340001851,0.00017033619860763957,0.21685826665977134,2.2746426378543795e-05,0.0002397754999609894,0.27056268,5.33315765,0.01376225,0.03273656,0.26690599
567,0.0187,0.00174,870,0.3,b,0.00017367753731568355,1.9505973224037038e-07,0.20342537371667918,2.2086455635842886e-05,0.0737826323879953,1.0570032523106164e-05,0.00017921477746536154,0.36630247,0.33437326,0.01376683,0.03273384,0.36270123
568,0.0187,0.00174,870,0.3,b,0.00017380930740306148,1.1741930737453823e-07,0.073405952323998,9.157313089103717e-06,0.029818985334935065,1.0607648152675413e-05,0.00017836834985549306,0.42616309,0.04357258,0.01378773,0.03272143,0.40622026
569,0.0187,0.00174,870,0.3,b,0.0001623767501176673,5.295850703071045e-07,0.8202687867376216,0.00011099910917162664,0.2192465677803966,2.6033610389190072e-05,0.00021395695228889754,0.2700852,5.08292689,0.01203357,0.03385376,0.26728625
570,0.0187,0.00174,870,0.3,b,0.00015965217232260148,9.96089944453414e-07,0.8186204742837613,0.00018980081532236461,0.216885078786078,7.089050811154002e-05,0.0002635380956618486,0.27061887,4.97757352,0.01163312,0.03414141,0.26493972
571,0.0187,0.00174,870,0.3,b,0.00016640082439794187,1.6385511758008975e-07,0.8530415437956529,0.00013806542867683544,0.22942046199164337,2.67952044485646e-05,0.0002213872738523683,0.27168636,5.63343755,0.0126374,0.03344191,0.26894407
572,0.0187,0.00174,870,0.3,b,0.00016017280217701108,8.163892211379387e-07,0.8372120967337531,0.00017597802802495402,0.22613415021530567,4.818227959083315e-05,0.0002125874514829939,0.2728062,5.22320906,0.01170912,0.03408587,0.27010378
573,0.0187,0.00174,870,0.3,b,0.00017215005468158666,9.259154983604466e-08,0.28984573314871487,2.3822157436689394e-05,0.08876132531534064,3.2258113830398254e-05,0.00017863772982717484,0.30870034,0.67285058,0.01352574,0.03287875,0.30623644
574,0.0187,0.00174,870,0.3,b,0.0001706423027105812,2.525530074850818e-07,0.3801861158802278,2.3261543205678988e-05,0.10371547329484014,3.454373323691278e-05,0.0001753795786259883,0.27397789,1.14751099,0.01328985,0.03302368,0.27280184
575,0.0187,0.00174,870,0.3,b,0.00017102960118458912,9.893353676960871e-08,0.3044977628113221,2.5837571926808684e-05,0.09477999151530704,4.0660742351852286e-05,0.0001764188171601744,0.31309313,0.73776346,0.01335024,0.03298627,0.31126663
576,0.0187,0.00174,870,0.3,b,0.00017120579269879117,1.3059730056282588e-07,0.37685885975045186,3.27254449999592e-05,0.08704300519178981,6.40608397613865e-05,0.0001804054027728699,0.2337048,1.13123689,0.01337777,0.03296929,0.23096977
577,0.0187,0.00174,870,0.1,b,6.335548247973904e-05,5.23005223034175e-07,0.9390811274789335,0.0001992359157036838,0.22786684801954976,0.002256438702003342,9.35167205767242e-05,0.24402754,2.59936983,0.00183196,0.05419718,0.24264874
578,0.0187,0.00174,870,0.1,b,5.439885342487277e-05,9.0916655846963e-07,0.9429419648536324,8.023905106751659e-05,0.2239224906315791,0.00042162711340299,0.00019506815058796743,0.24392025,2.25028394,0.0013506,0.05848897,0.23747219
579,0.0187,0.00174,870,0.1,b,6.65905474839559e-05,9.36672385472377e-07,0.576967799940809,4.625567747498604e-05,0.17395128301997623,3.507715497939079e-05,7.086028371347434e-05,0.30190924,1.03131987,0.00202382,0.0528643,0.30149219
580,0.0187,0.00174,870,0.1,b,5.422667015645289e-05,1.72320225646922e-06,0.9473589575360922,0.00010003412041868773,0.2327624817076494,5.395628378087685e-05,8.861854394954845e-05,0.24722147,2.2642257,0.00134206,0.05858175,0.24569619
581,0.0187,0.00174,870,0.1,b,0.00010044529461042501,1.2710043721758372e-06,0.8042515382179216,0.0002684556071548682,0.20427515823847286,1.7089834964380895e-05,0.00013307878361631253,0.25593531,3.02267214,0.00460475,0.04304315,0.25399412
582,0.0187,0.00174,870,0.1,b,5.404827190507016e-05,7.41449827847061e-07,0.9395740221975791,0.00010567601893774174,0.23059629049893124,4.274279029085449e-05,6.568057291436259e-05,0.24595254,2.21983891,0.00133325,0.05867835,0.24542642
583,0.0187,0.00174,870,0.1,b,5.401586310849151e-05,2.280158105007293e-07,0.9352621339861146,0.00010729816692457447,0.2289914675913344,0.0008375909017187303,7.685197551952081e-05,0.24588581,2.19819223,0.00133165,0.05869595,0.24484202
584,0.0187,0.00174,870,0.1,b,4.522905657972472e-05,1.86192796357539e-06,0.9534292903348378,0.00017907365702871388,0.24364852439886994,6.84612104762841e-05,8.731691934097047e-05,0.25732087,1.91281141,0.00093364,0.06414459,0.25554965
585,0.0187,0.00174,870,0.1,b,6.332294184107501e-05,1.201815210023682e-07,0.9845605273160635,0.00033027413769595596,0.24566890230271704,4.924480164116133e-05,9.985084498350416e-05,0.25099851,2.85577225,0.00183007,0.05421111,0.24952138
586,0.0187,0.00174,870,0.1,b,4.475069997395896e-05,9.73979078732059e-07,0.9616908423940644,0.00012272619952344432,0.24654605477612113,6.801944690935248e-05,7.437561198426359e-05,0.25759008,1.9255218,0.000914,0.06448651,0.25636727
587,0.0187,0.00174,870,0.1,b,6.243390519116516e-05,9.86045946520617e-07,0.9785700445306345,0.0002924607946558332,0.24384619161176357,5.249834372791298e-05,0.00010193481066492979,0.25080492,2.78151868,0.00177905,0.05459572,0.24918624
588,0.0187,0.00174,870,0.1,b,4.4670731138871415e-05,2.23553992069712e-06,0.9647038688537194,0.00012489522175580762,0.2473065405563695,5.7222984881692675e-05,7.522726407174287e-05,0.25760826,1.93414374,0.00091074,0.06454421,0.25635488
589,0.0187,0.00174,870,0.1,b,6.229184739813634e-05,3.1149175684511003e-07,0.9897816736933706,9.665707563496843e-05,0.24658043187251452,5.4026794054832874e-05,0.0001007303263600623,0.25066635,2.83914566,0.00177096,0.05465793,0.24912608
590,0.0187,0.00174,870,0.1,b,4.474315498509172e-05,2.8462439194845854e-07,0.9772744924447762,9.41488029205214e-05,0.24841586576895786,6.131666437472114e-05,8.04570544108922e-05,0.25563159,1.98809612,0.00091369,0.06449195,0.25419252
591,0.0187,0.00174,870,0.1,b,6.250678998832152e-05,2.6635427422207477e-07,0.9934124301106549,0.0003623784086343548,0.24722803127033635,5.923041616646805e-05,9.966475338517698e-05,0.25034727,2.86988188,0.0017832,0.05456388,0.24886746
592,0.0187,0.00174,870,0.1,b,5.478594270075962e-05,2.7549210071283993e-07,0.9262699730704239,8.192698446490333e-05,0.23329022942760227,0.0016210452315717156,0.00025851946615732175,0.26094506,2.18686491,0.00136989,0.05828197,0.25185986
593,0.0187,0.00174,870,0.1,b,5.497058347149891e-05,2.456777076069521e-07,0.9195750164699616,9.734614238603501e-05,0.23617259093531748,0.0010015837375661394,8.157802806077814e-05,0.25802704,2.16263048,0.00137914,0.05818401,0.25682798
594,0.0187,0.00174,870,0.1,b,5.4707967747569556e-05,2.7937960353894165e-07,0.9201211986159971,8.166641223197241e-05,0.24697932004262974,0.0011793323596354724,6.63242527699929e-05,0.26892141,2.15485624,0.00136599,0.05832349,0.26842042
595,0.0187,0.00174,870,0.1,b,5.499842384662412e-05,1.9690293416877902e-07,0.9241643491203367,6.833961292232067e-05,0.23962043353854479,0.0017336290721855904,0.00016710364438690017,0.26420286,2.18537672,0.00138053,0.05816928,0.25928336
596,0.0187,0.00174,870,0.1,b,5.539123126548676e-05,2.171002159577236e-07,0.9195059937090773,8.875932345354305e-05,0.23972646301796163,0.001157512641009673,0.00016303965555430452,0.26545979,2.17885231,0.00140032,0.05796266,0.26071224
597,0.0187,0.00174,870,0.1,b,6.672358234041094e-05,1.77940207086903e-06,1.3167366358016857,0.0001859487186824121,0.3495722049413659,0.001896313834102162,0.0001018100799966055,0.2662305,5.38213813,0.00203191,0.05281158,0.26548377
598,0.0187,0.00174,870,0.1,b,5.501938912829652e-05,9.71781450242533e-07,0.6076944534746672,3.9588805017766445e-05,0.16967032005846694,0.0004946282439789074,0.00014291698139515886,0.28744457,0.94528759,0.00138159,0.0581582,0.27920334
599,0.0187,0.00174,870,0.1,b,6.684368798249641e-05,8.82606342176109e-07,1.3259577328763494,0.00019058057464611792,0.32944319697661606,3.6910276140542314e-05,0.00010962945574794252,0.24941579,5.4676085,0.00203924,0.05276411,0.24845679
600,0.0187,0.00174,870,0.1,b,5.567754054113953e-05,8.64958237808051e-07,0.6210643632431343,5.349077489372845e-05,0.1794705134623141,0.00010426274115481632,8.034402252131663e-05,0.29113533,0.9991505,0.00141484,0.05781344,0.28897249
601,0.0187,0.00174,870,0.1,b,6.662400342013737e-05,3.272625797426533e-07,1.314713733533329,0.00019861289495523197,0.32697920736931724,4.0053924978948454e-05,0.00010843144045218008,0.24965976,5.35760599,0.00202585,0.05285103,0.24870753
602,0.0187,0.00174,870,0.1,b,5.584843906660938e-05,9.72278089309129e-07,0.6233191040513765,0.0005261707797637378,0.16800534280086332,0.0002719941774435693,5.8705063301136855e-05,0.26980091,1.00950753,0.00142354,0.05772491,0.26953344
603,0.0187,0.00174,870,0.1,b,6.636537774031156e-05,2.8354050678311133e-07,1.3187521005202083,0.00011929312701779781,0.3393061201611455,0.0003756280103920173,0.00011186877183781016,0.25828901,5.36964464,0.00201016,0.05295391,0.25729333
604,0.0187,0.00174,870,0.1,b,5.5169447490436084e-05,9.73695378577781e-07,0.6206387192999869,4.1222104654432946e-05,0.18047497613775368,0.00011472996083657497,9.733962872590125e-05,0.29445928,0.98867605,0.00138913,0.05807905,0.2907891
605,0.0187,0.00174,870,0.1,b,6.661584658515125e-05,2.9447086738925376e-07,1.3187156239161157,0.00017444061611846697,0.3264671151566675,0.0002801773152634764,0.0001146320165204521,0.24865617,5.38961199,0.00202536,0.05285427,0.24756446
606,0.0187,0.00174,870,0.1,b,4.429470229600192e-05,1.9166295714801e-06,0.5206291383251392,0.000738603051955132,0.1712298113687012,0.00010292389786810398,4.9163772221040534e-05,0.32942555,0.55858128,0.00089547,0.0648176,0.32889018
607,0.0187,0.00174,870,0.1,b,6.598066384428614e-05,4.0275224169914984e-07,0.8659774101097679,0.00014146859125078364,0.22150923194748337,3.5891233275459604e-05,0.00011173901697115599,0.25812053,2.30201131,0.00198692,0.05310807,0.255791
608,0.0187,0.00174,870,0.1,b,5.3118608570076875e-05,2.40803852197994e-06,0.5645288127276594,0.0013916036011451677,0.17197141757765796,0.0023610553050579805,5.697186624574563e-05,0.30501735,0.78758341,0.00128778,0.05918961,0.30462824
609,0.0187,0.00174,870,0.1,b,4.4904840831584307e-05,4.720595683409077e-07,0.5528031708447567,0.00011330876085617966,0.18134242772457118,8.329374466334617e-05,5.559454080813687e-05,0.329086,0.6384279,0.00092031,0.06437574,0.32804158
610,0.0187,0.00174,870,0.1,b,6.57520801192662e-05,4.210273407748836e-07,0.8813317637901353,0.00013493608714026023,0.22315918221327213,3.498414119744585e-05,0.000102106542826433,0.25501365,2.37610697,0.00197318,0.0532003,0.25320678
611,0.0187,0.00174,870,0.1,b,4.5150431171591974e-05,1.95959525258084e-06,0.5384015638111601,0.00017070459463046491,0.16556021056057738,0.0015142140861976719,8.439278697782647e-05,0.31179209,0.60890869,0.0009304,0.06420042,0.30750321
612,0.0187,0.00174,870,0.1,b,6.576102048285875e-05,4.6128282523834045e-07,0.8697499956548804,0.0001388723489346901,0.22034269775542165,3.578103120516508e-05,0.00010172145025439839,0.2551744,2.31438209,0.00197371,0.05319668,0.25334027
613,0.0187,0.00174,870,0.1,b,9.280487974451857e-05,8.68033052463497e-07,0.8244011239480259,0.0001366892315129528,0.2093655425884445,3.979250366912561e-05,0.00014215702804395948,0.25675044,2.93444253,0.00393087,0.04477993,0.25396077
614,0.0187,0.00174,870,0.1,b,5.381260262924413e-05,1.8986819442392e-06,0.4358565572424653,8.535224458793941e-05,0.14935035747005188,5.2430204366437027e-05,6.680604036972378e-05,0.344612,0.47560763,0.00132164,0.0588067,0.34265943
615,0.0187,0.00174,870,0.1,b,5.311020879893314e-05,9.72409692507425e-07,1.3239701095341656,0.0003282565936400002,0.3187387256030163,7.545244504871932e-05,9.274713484995028e-05,0.24166431,4.33123767,0.00128737,0.05919429,0.24074465
616,0.0187,0.00174,870,0.1,b,9.310365752200212e-05,3.1850112205959554e-07,0.8372329900602583,0.0002508182746420704,0.21555520591153757,6.67753803553931e-05,0.00013809316706895299,0.25989547,3.03624669,0.00395622,0.04470802,0.25746143
617,0.0187,0.00174,870,0.1,b,5.30919220393992e-05,1.25109668836099e-06,0.4851267164649462,0.00018668105766006608,0.16727593432083404,5.699077692163779e-05,5.6209916453076076e-05,0.34518546,0.58132162,0.00128648,0.05920448,0.34480875
618,0.0187,0.00174,870,0.1,b,5.3354207112605337e-05,1.83191920082173e-06,1.3006481261416756,0.0004723237283783847,0.31394380091482477,6.751417926003912e-05,9.748125424165222e-05,0.24243271,4.19919416,0.00129922,0.05905878,0.24137489
619,0.0187,0.00174,870,0.1,b,5.408123558157967e-05,4.369927390488446e-07,1.2955663866945892,0.000474481840126691,0.31240375917179225,8.202728724643362e-05,9.267824311810336e-05,0.24206666,4.22321892,0.00133487,0.05866047,0.24113296
620,0.0187,0.00174,870,0.1,b,6.330069999674336e-05,3.8625446894880694e-07,1.1354311270067696,0.00024245978558578663,0.27914547308055776,5.344897174310644e-05,9.561954934657224e-05,0.24684804,3.79671284,0.00182879,0.05422063,0.24584976
621,0.0187,0.00174,870,0.1,b,3.911544904802241e-05,2.0998195694521e-06,1.3852986010093953,0.00355456600819001,0.32154426385428064,6.272580853074036e-05,0.00022419924845185136,0.23615288,3.49230976,0.0006983,0.06897547,0.23211188
622,0.0187,0.00174,870,0.1,b,5.472366248835787e-05,9.32807612434588e-07,0.7197546055902885,7.998898366781789e-05,0.20287691162269691,5.82830086405386e-05,6.963810782439094e-05,0.28286976,1.31892988,0.00136677,0.05831513,0.28186956
623,0.0187,0.00174,870,0.1,b,5.458760955222863e-05,7.23334851760253e-07,0.7160176197691467,7.964772877971208e-05,0.201465238176963,8.881270857568855e-05,6.567868567780582e-05,0.28212235,1.30202446,0.00135999,0.05838776,0.28136911
624,0.0187,0.00174,870,0.1,b,5.4724155064119524e-05,1.85597779467458e-06,0.7254936433665944,0.0001611300061171745,0.21614265237034544,0.0004966697054393607,6.552308984144e-05,0.29859976,1.34005904,0.0013668,0.05831487,0.29792494
625,0.0187,0.00174,870,0.1,b,6.705784188557459e-05,2.6367445405112224e-07,1.0428698460253878,9.842351983426927e-05,0.25618239722730957,3.4426521401665135e-05,0.0001023936466685399,0.24694544,3.39302797,0.00205232,0.05267979,0.24565136
626,0.0187,0.00174,870,0.1,b,6.702583165575441e-05,2.62929674794001e-07,1.052166049176886,0.00011389103969531667,0.25690314915089296,0.0001066440820886083,0.0001074951248337961,0.24563031,3.4521402,0.00205036,0.05269237,0.24416597
627,0.0187,0.00174,870,0.1,b,6.704460507720574e-05,2.703223478371056e-07,1.0451486693112777,0.00010356469735878746,0.2574423447394063,3.367527923359976e-05,9.495595415998427e-05,0.24733681,3.4072,0.00205151,0.05268499,0.24632127
