id,sigma_N_per_m,mu_Pa_s,rho_kg_per_m3,Dn_mm,outcome,R_m,R_std_m,Vi_m_per_s,Vi_std_m_per_s,Vo_m_per_s,Vo_std_m_per_s,ho_m,cor,We,Bo,Oh,cor_from_velocities
1,0.0187,0.00174,870,1.0,b,0.0004427999597924274,3.09490301704875e-06,0.24587949269659495,0.00012764089424878818,0.03283430825295832,1.9103638233784904e-05,0.0004498361419445582,0.1418305477980911,1.245460148119482,0.08948738122705341,0.0205005273238738,0.13353821375202887
2,0.0187,0.00174,870,1.0,b,0.00044147205517361187,8.424057870451074e-06,0.2718789183031625,0.00013512204255792357,0.040722152522515105,1.2825105595056643e-05,0.00046989870325807374,0.17314571554048738,1.5182102917141702,0.08895146190444544,0.020531335961131585,0.1497804713093175
3,0.0187,0.00174,870,1.0,b,0.00044585631002035727,4.460126076354979e-06,0.25354778706066544,0.00011049470328319838,0.03250479591782872,2.1805267204348033e-05,0.0004661213119641773,0.15039951518912126,1.3334975200009493,0.09072698697534516,0.020430140813879286,0.12819988016717107
4,0.0187,0.00174,870,1.0,b,0.00045069196463807485,6.78714431713788e-06,0.2261304211888743,6.277818196504477e-05,0.027931266558730697,2.3865762620419298e-05,0.00044766266892848317,0.11872018299473006,1.0721991152212789,0.0927056671700436,0.020320243654093104,0.1235183944375235
5,0.0187,0.00174,870,1.0,b,0.0004494202169434395,1.785488769928949e-06,0.3054464974845106,4.0869502271576237e-05,0.05008279256110896,9.670740973733543e-06,0.0004755166065128941,0.1799242478469235,1.9507452141742776,0.09218321774963331,0.020348973967170992,0.16396584335902786
6,0.0187,0.00174,870,1.0,b,0.00044642266147764856,1.1255333179548724e-06,0.3043968874746602,4.4168536049578594e-05,0.05191264860695938,1.0074790574253057e-05,0.00045642880610784425,0.1766453209185865,1.9244396360709286,0.09095762628731094,0.020417177412704848,0.1705426393733441
7,0.0187,0.00174,870,1.0,b,0.0004451108906713267,1.1924456748581199e-06,0.306844761195183,7.613743613019975e-05,0.05430777652819333,9.931356385245625e-06,0.0004564421441665977,0.1835372305018876,1.9497695890992586,0.0904238708563735,0.020447240655710516,0.17698779120966748
8,0.0187,0.00174,870,1.0,b,0.0004439396020074392,1.9885673944086176e-06,0.3657905230921721,6.874087171422094e-05,0.06454718271780698,8.736528198746437e-06,0.0005273751347014687,0.2082604036515431,2.763544317945853,0.0899486045564946,0.020474196850580335,0.17645941773494866
9,0.0187,0.00174,870,1.0,b,0.00044709052214008684,9.044956238124792e-07,0.36043501691574964,4.772687875865898e-05,0.06422440171317467,7.793642211199675e-06,0.0005113607701891629,0.20360871443026793,2.702259567480934,0.09122998011431967,0.02040192219587525,0.17818579965604978
10,0.0187,0.00174,870,1.0,b,0.00044523657669155557,2.2700342981919952e-06,0.41994463567790313,6.0390743302812675e-05,0.08285573222262303,1.2992883295625108e-05,0.0005774587999414526,0.23159907880326347,3.653024265098543,0.09047494406653502,0.020444354421930943,0.19730156116620393
11,0.0187,0.00174,870,1.0,b,0.00044295377849279177,2.7589836281236817e-06,0.42629885675164697,5.509046994632414e-05,0.08383481392309465,9.072885462207519e-06,0.0005826813956732243,0.2318607062981889,3.7451084003511057,0.08954956381388891,0.02049696754131047,0.19665737450460746
12,0.0187,0.00174,870,1.0,b,0.000451117872137519,6.868879919338299e-07,0.41168073203521294,4.009017474371395e-05,0.08995828776972876,7.632925426033235e-06,0.00047640527007767475,0.22511346018911965,3.5570401015398203,0.09288096514894666,0.020310649057663614,0.21851469055888245
13,0.0187,0.00174,870,1.0,b,0.00044897685856827585,1.5672501504127395e-06,0.455104279501639,2.8112289027632016e-05,0.10915770362667035,9.352718061210928e-06,0.0004631133743938216,0.24262756597645044,4.3263678407415975,0.09200142778723555,0.020359018651784595,0.23985207026882557
14,0.0187,0.00174,870,1.0,b,0.0004462728963929001,7.605668063914707e-07,0.45023438904913626,5.948825093710714e-05,0.10813463131677647,1.9528353987215754e-05,0.00044500010142937063,0.23991748289445936,4.208772824112757,0.09089660791707085,0.02042060303392512,0.24017408253765177
15,0.0187,0.00174,870,1.0,b,0.00044494938979388487,1.976219371752176e-06,0.4615882785746761,7.956059540356547e-05,0.10870332555436701,1.0663820338798084e-05,0.00048803351198858984,0.2437763892634784,4.410601344285937,0.09035826524900878,0.020450951131314652,0.23549845305870545
16,0.0187,0.00174,870,1.0,b,0.00044495364628552547,1.492852688946121e-06,0.5038935422232962,5.543494540943077e-05,0.12471610517429417,9.373713622772587e-06,0.0004991545835502475,0.2558258546928009,5.256177239380478,0.09035999403457022,0.020450853312686305,0.24750486903248956
17,0.0187,0.00174,870,1.0,b,0.0004468793086066255,1.1973397746798113e-06,0.5014260968608096,6.508231359784073e-05,0.12384735745950706,0.00024031654811795935,0.0005052474120370587,0.2560447107492507,5.227352159368036,0.09114380313676153,0.02040674301991198,0.24699025087616397
18,0.0187,0.00174,870,1.0,b,0.00044104632219826265,1.293989258390381e-06,0.5053699128167755,7.3185955183795e-05,0.08998717711283001,1.0604460541576243e-05,0.0008852658847898738,0.25657647743360956,5.240595218929123,0.08877998418412196,0.020541242809890274,0.17806199940014106
19,0.0187,0.00174,870,1.0,b,0.0004475239572031086,4.785995579353396e-07,0.5376361314272685,8.095738934509191e-05,0.09942489393421695,6.20678685817532e-06,0.0009742451137752865,0.2644829028539918,6.018258394265065,0.09140695295310147,0.020392039986825733,0.1849297101187612
20,0.0187,0.00174,870,1.0,b,0.0004429179977567532,2.6616513233222e-06,0.5413438819049105,6.642185286233308e-05,0.10278546540892973,5.891942675104058e-06,0.0009632302698430614,0.2662443106075505,6.038755413768923,0.0895350972033799,0.020497795439225888,0.18987092834085909
21,0.0187,0.00174,870,1.0,b,0.00044411177731707677,5.300696595264556e-07,0.5349118054506015,7.367640747896106e-05,0.09887550499300479,6.173628273414385e-06,0.0009639286979746998,0.2642184234962819,5.911998321121025,0.09001838851790447,0.02047022770014302,0.18484449957075372
22,0.0187,0.00174,870,1.0,b,0.00044539129037975627,1.9975438464995363e-07,0.562595145907984,7.508897066857018e-05,0.10821121408056826,5.074497757725491e-06,0.0010124571109656863,0.2686020143395384,6.558602764029733,0.09053783262972612,0.020440803279067474,0.19234295721823894
23,0.0187,0.00174,870,1.0,b,0.0004444045198641685,6.274617626344626e-07,0.5653427350183126,8.405558285524483e-05,0.10960536817124855,5.059144360699195e-06,0.0010166683443136803,0.2696603034841113,6.608147748715193,0.09013710141363289,0.020463484413886263,0.19387419592063604
24,0.0187,0.00174,870,1.0,b,0.00044400790899496557,4.3544475017087716e-07,0.5642648387484639,9.192512994235277e-05,0.10961102208468583,5.004054136742902e-06,0.001014999932162284,0.27003755927708745,6.577098253963938,0.08997628665949046,0.020472621896088738,0.19425456728404775
25,0.0187,0.00174,870,1.0,b,0.0004427872216768485,8.197104202028072e-07,0.5933152723984187,9.771223684962234e-05,0.1187942491346978,5.230521955394862e-06,0.001070420733624251,0.27398840591426465,7.251765975347161,0.08948223269808976,0.02050082220163406,0.20022112131798614
26,0.0187,0.00174,870,1.0,b,0.000445167127228925,5.000758052042787e-07,0.5948300669667734,7.921109544742038e-05,0.11917401882656668,5.185186786045065e-06,0.0010707476932899033,0.27354957303058364,7.328018524983503,0.09044672111037927,0.02044594909724396,0.20034968883512005
27,0.0187,0.00174,870,0.8,b,0.0003503648013163768,3.88480062909878e-06,0.18027918726074113,1.25893231565911e-05,0.034492168792191136,1.2540005718060794e-05,0.0003513760542161115,0.19291518303607136,0.5297723628307769,0.056025738751566655,0.023046691270000037,0.19132640498486647
28,0.0187,0.00174,870,0.8,b,0.0003528050129424651,3.5498554362343484e-06,0.1796596994224482,2.2668775536050822e-05,0.03556309559856672,1.0625841524453324e-05,0.00035311719577450984,0.1984257272788897,0.5298021677163753,0.056808869659074314,0.022966850586018023,0.19794698373030434
29,0.0187,0.00174,870,0.8,b,0.0003549206376238697,3.067721848270109e-06,0.17613244412924473,3.792097086595514e-05,0.032811823155837604,9.66397067728693e-06,0.0003558921642749814,0.18793251645367712,0.5122566706606058,0.05749223069861146,0.022898297428552258,0.18629062531920879
30,0.0187,0.00174,870,0.8,b,0.0003483656167383185,1.3277009372664318e-06,0.2248174629986176,2.2395671383940716e-05,0.04871990176695769,7.218257922690816e-06,0.0003513816700090754,0.2193933701763227,0.8191680693266771,0.05538819617048132,0.023112726311725507,0.21670870722020943
31,0.0187,0.00174,870,0.8,b,0.00035582963395709634,2.297441310279657e-06,0.22268764207156458,1.4196024431690643e-05,0.04643646736603739,7.87238028727944e-06,0.0003574512797831434,0.21006013400621631,0.8209410896845579,0.05778709745951341,0.0228690309250206,0.20852736565917843
32,0.0187,0.00174,870,0.8,b,0.0003554469285329468,2.4739099716978654e-06,0.22887049663436632,1.5745992664862106e-05,0.047966359999070736,7.422719102291363e-06,0.0003558642344819978,0.2099511803783922,0.8662276371864366,0.05766286079888882,0.022881339017909202,0.20957860757255983
33,0.0187,0.00174,870,0.8,b,0.0003545194990752386,1.852141025734185e-06,0.2293331022234121,1.6722789639781e-05,0.04826417930765692,8.243490377387015e-06,0.00035458149181463066,0.21050941888450242,0.8674636090878146,0.05736234635395916,0.02291124846929063,0.21045448232169658
34,0.0187,0.00174,870,0.8,b,0.0001682441292592906,2.563794157759969e-07,0.13415546461251673,8.108970932441054e-06,0.05474182572812569,1.088015976281312e-05,0.00016847602249910062,0.4083573227173949,0.1408751204038933,0.012918928394480856,0.033258209087113716,0.4080476772693333
35,0.0187,0.00174,870,0.8,b,0.0003609245185869082,1.1404143318586988e-06,0.3009411771878654,2.131428210268182e-05,0.03856054741355757,9.307268681637151e-06,0.0005019702730704163,0.21673499849462824,1.5207480311752632,0.05945377362715475,0.022707045268904588,0.1281331713190109
36,0.0187,0.00174,870,0.8,b,0.00035829371497308956,1.7181856492142378e-06,0.2893160367697134,1.9487589543668805e-05,0.061708419088367265,6.1000035492321125e-06,0.0003594432648566339,0.21392141922714422,1.3952815469333628,0.05859020715556764,0.022790257055096803,0.21329069683574178
37,0.0187,0.00174,870,0.8,b,0.0003581925347981933,6.642839556788552e-07,0.26517550266587586,3.809225546627849e-05,0.102847563712553,7.138266269348538e-05,9.26421917437672e-05,0.2762826301803406,1.1718201940694875,0.05855712072329957,0.022793475658435557,0.3878471528425539
38,0.0187,0.00174,870,0.8,b,0.00035858436717750965,1.4463598826710803e-06,0.30410389827616835,2.0679599908157865e-05,0.0655680148605211,5.621929565513047e-06,0.0003613944868748459,0.2169887123137797,1.5428118749675683,0.058685303884157006,0.02278101880896943,0.21561057004595283
39,0.0187,0.00174,870,0.8,b,0.00035993674624180386,6.417602045981485e-07,0.35460879280536345,3.810114887159153e-05,0.0763915381834172,6.810023128556455e-06,0.00037879376516436486,0.2221487390263882,2.105730718225999,0.059128794696021565,0.022738181328859523,0.21542482796061618
40,0.0187,0.00174,870,0.8,b,0.00035860620786052917,1.2946862862660438e-06,0.3508613907814812,2.4436902697748447e-05,0.0766560764702328,7.326503037679266e-06,0.00036861993705896643,0.2221020641534619,2.053840013115206,0.05869245291948106,0.022780325066675263,0.21847965744961295
41,0.0187,0.00174,870,0.8,b,0.00035263261852521344,5.247641826793345e-07,0.3603621898975201,3.4602708375548275e-05,0.08081057140674078,5.5279505275698135e-06,0.00035364693990187616,0.2245896310968277,2.1304854031883957,0.05675336512332341,0.022972463896900656,0.22424819715331873
42,0.0187,0.00174,870,0.8,b,0.0003542808246418477,8.693899410706278e-07,0.36202865871020007,4.8105133140698635e-05,0.08093149973771933,5.6888659261727474e-06,0.00035979987891788357,0.22539028335838754,2.1602857232618393,0.057285135836883105,0.02291896467659108,0.22354998089392725
43,0.0187,0.00174,870,0.8,b,0.0003542218734189088,2.1644895037180268e-06,0.37595658876954635,3.624506595552644e-05,0.0823961472337453,5.796794024467346e-06,0.00037350227520623237,0.22518700229469227,2.329316067814852,0.057266073287541394,0.02292087173666859,0.21916399311797258
44,0.0187,0.00174,870,0.8,b,0.00035444703300504095,7.764244499607091e-07,0.3637705168769492,4.036714739525757e-05,0.08172069192431455,6.203300328262568e-06,0.0003578124684860621,0.2257568755799947,2.1821469110560003,0.05733889828417658,0.022913590431746556,0.2246490249564612
45,0.0187,0.00174,870,0.8,b,0.0003526191728644764,4.426435076963861e-07,0.41702789435105364,3.43470411747895e-05,0.09743157091856834,5.853619758453657e-06,0.00035479535440123154,0.2341580444376862,2.8530788801339115,0.05674903726534862,0.022972901872250852,0.23363322271327622
46,0.0187,0.00174,870,0.8,b,0.00035179456984119355,1.3869578523861337e-06,0.09560369965242688,1.277728861629904e-05,0.008712052139966488,9.23954948980574e-05,0.0003525363676676351,0.09948074099269175,0.14959468904199089,0.056483931363369454,0.022999810241641362,0.09112672597022593
47,0.0187,0.00174,870,0.8,b,0.00035443919603189483,3.583202427388035e-07,0.4093248215150892,2.9086202723495853e-05,0.09465166530600741,5.951224803956338e-06,0.0003574017009190549,0.23198742746648532,2.762838829950334,0.05733636273783857,0.022913843750513616,0.2312385184843187
48,0.0187,0.00174,870,0.8,b,0.00035336524920715514,1.1929591695235943e-06,0.09206491778990636,3.421367902357452e-05,0.007110477721096572,9.544759622213715e-05,0.000353951283713071,0.08556592218406395,0.13934449730573042,0.05698943204967087,0.022948637184246404,0.07723330332323543
49,0.0187,0.00174,870,0.8,b,0.00035423192893138845,8.381223685673008e-07,0.4131022267027479,3.997974120502275e-05,0.09530094196946275,5.66319788262499e-06,0.00035812614004768694,0.231664113505102,2.8124215818999536,0.05726932462762607,0.022920546409208462,0.23069578377760128
50,0.0187,0.00174,870,0.8,b,0.0003531917548632955,1.4083419124936242e-06,0.09332932936936601,1.4333158207007289e-05,0.009588990571278657,0.00010731533268102366,0.0003535596866045151,0.10670055311086832,0.1431279638352723,0.05693348474352563,0.022954272890451866,0.10274359235271761
51,0.0187,0.00174,870,0.8,b,0.0003559895901313543,1.4997169407700693e-06,0.4775962739723329,4.578456943912527e-05,0.11652450904604843,7.46801774349113e-06,0.00035895182087985626,0.24450280346758005,3.777781229713063,0.057839063230451515,0.02286389249709324,0.243981193732677
52,0.0187,0.00174,870,0.8,b,0.0003546592000629823,1.9513080564817062e-06,0.11596171467677255,6.181584705961186e-06,0.016900809176254427,2.8184362123026064e-05,0.00035572163920540234,0.15096912790050757,0.22187998772412093,0.05740756336103435,0.022906735630914988,0.14574473327997198
53,0.0187,0.00174,870,0.8,b,0.00035187485838019045,3.8118051525160245e-07,0.4573477933007644,4.764129969345029e-05,0.1085299278585462,6.671879766890179e-06,0.0003698349663792105,0.24082629662783306,3.4241994991079974,0.05650971646761963,0.022997186117656547,0.23730283484099804
54,0.0187,0.00174,870,0.8,b,0.0003502643707808363,1.5419032499719979e-06,0.10738910456552828,9.416388243813183e-06,0.01635702015063481,3.50053220845521e-05,0.00035048003224089514,0.15351514649791967,0.18792910743947452,0.05599362428977138,0.023049995096836414,0.15231545338618446
55,0.0187,0.00174,870,0.8,b,0.00035611217707236513,2.325041157037827e-07,0.45295845170136984,4.739599451951241e-05,0.10788661620962221,5.83980752489275e-06,0.00036128797926776905,0.23921890232671555,3.39923512320584,0.05787890447762787,0.02285995686097792,0.23818214629705284
56,0.0187,0.00174,870,0.8,b,0.000355321983729298,1.831963097735201e-06,0.10650590235678022,7.342741756033984e-06,0.015708041515272102,3.10115887579688e-05,0.00035629132904564713,0.1530636442788484,0.1875197764513236,0.0576223292428802,0.02288536164141809,0.1474851737573408
57,0.0187,0.00174,870,0.8,b,0.00035318462954092995,8.402300899966699e-07,0.5263914608349524,7.559391509214223e-05,0.12691151606553422,8.992020072387172e-06,0.00043528260465939563,0.2528656717735523,4.5529943573510465,0.05693118760416946,0.022954504434742617,0.24109721663081224
58,0.0187,0.00174,870,0.8,b,0.0003529540235641929,1.3419218802473287e-06,0.13195077049521095,8.97159404267215e-06,0.025127298746685144,1.6311237605251297e-05,0.0003539567912272734,0.19337354403805818,0.2859036133824905,0.05685686734811387,0.02296200198571734,0.1904293446137711
59,0.0187,0.00174,870,0.8,b,0.00035274391864158027,2.916070741661261e-07,0.4972182082165567,8.452959082799023e-05,0.11908363788424603,7.915384755563731e-06,0.00040598857863263847,0.2481645820889275,4.057244962187008,0.05678919648243109,0.022968839398377374,0.23949975265664597
60,0.0187,0.00174,870,0.8,b,0.0003504280680898932,1.4301956815342186e-06,0.1214501266433962,1.3452333443197782e-05,0.016623786117150815,2.827206834275173e-05,0.00036123491304877894,0.1819622144859573,0.2404764070363371,0.056045974161857595,0.023044610735152807,0.13687747042011608
61,0.0187,0.00174,870,0.8,b,0.00035628498928160656,2.0940063076851454e-06,0.5140864377571028,6.011170149170736e-05,0.12586840121660103,8.087087564642795e-06,0.0004124485693715424,0.25321059284933467,4.380739866641623,0.057935092436916365,0.022854412200217833,0.24483898421002837
62,0.0187,0.00174,870,0.8,b,0.0003557149805389039,1.4608494199302034e-06,0.12820691361858086,9.38282011117051e-06,0.02332939213492074,1.3417666371508485e-05,0.00035713879023464395,0.18657817611176186,0.2720211624451528,0.05774986379370682,0.022872716180721342,0.18196672454284588
63,0.0187,0.00174,870,0.8,b,0.00035234371192396143,8.008629923383024e-07,0.5323598429701014,6.74299598121616e-05,0.13322310903552734,8.753049852184363e-06,0.0003891721399094841,0.2552933895411304,4.645738365542217,0.05666040886065533,0.022981880180358776,0.25025010957298943
64,0.0187,0.00174,870,0.8,b,0.0003511635828997534,1.6640601513832105e-06,0.13442098161639163,7.209881550996503e-06,0.026607619988837882,1.898007871631905e-05,0.00035130022255849624,0.1983168842412656,0.29520332349478645,0.05628149128488075,0.02302046452821388,0.19794246157768933
65,0.0187,0.00174,870,0.8,b,0.00034994610839044214,3.5104913560023285e-07,0.53075893464508,6.945040509549368e-05,0.13250162197928972,8.466310198877208e-06,0.0003902371310742325,0.25520399105377695,4.586415977724708,0.055891915009802756,0.023060474252313043,0.24964557981090593
66,0.0187,0.00174,870,0.8,b,0.00034816198858134823,1.6361655983940838e-06,0.13393676628457352,8.47301665168985e-06,0.02632832435411615,1.944395272863036e-05,0.0003497555410193957,0.2009570509008544,0.29057524918106,0.05532346360529276,0.02311948424921315,0.19657279389720922
67,0.0187,0.00174,870,0.8,b,0.0003511694890199798,1.0258843996608945e-06,0.5299280089393352,8.095801642462111e-05,0.10749201459116084,6.4087073278901335e-06,0.0006967466953944649,0.2555175393337609,4.588050300607997,0.05628338446552677,0.023020270943339492,0.20284267443479526
68,0.0187,0.00174,870,0.8,b,0.00034940086838915413,1.6003283446719032e-06,0.13418162464040673,8.990393613018561e-06,0.026635111944066522,1.3194159161308693e-05,0.00035049569221029585,0.20148317992715906,0.2926764090830475,0.05571788382959073,0.023078460171551143,0.19850044307814835
69,0.0187,0.00174,870,0.8,b,0.0003523005510899869,8.232241789714282e-07,0.5830220254099566,9.661782324746053e-05,0.1495894650768734,9.12484876414879e-06,0.0004420143351628797,0.2664761930169011,5.571355772934143,0.05664652831938895,0.022983287908409998,0.2565760100944529
70,0.0187,0.00174,870,0.8,b,0.0003520438425800381,1.873339266297295e-06,0.15329015053716347,5.218584040123398e-06,0.03225697253167476,1.1093684380314654e-05,0.0003536358285807109,0.21356589305492218,0.38486011049178137,0.056564005894423904,0.0229916660274224,0.21043082297616
71,0.0187,0.00174,870,0.8,b,0.0003540752676302693,1.976881544183877e-06,0.5907621856256844,0.00010196286393414353,0.1417102614623136,8.324856750658811e-06,0.0006013939827721986,0.26729138160309657,5.749083485457238,0.05721868039010238,0.022925616468958326,0.23987700111886193
72,0.0187,0.00174,870,0.8,b,0.00035467262596962335,1.078780742023786e-06,0.15596916462246735,6.6631006009503424e-06,0.032129577171839285,9.420228816277506e-06,0.00035621509348566106,0.20899727817016933,0.40140502843762804,0.05741190986141946,0.022906302066858963,0.20599954644631738
73,0.0187,0.00174,870,0.8,b,0.00035585608959090283,4.832797340099613e-07,0.5837149236392214,9.800720656313178e-05,0.1504083522587096,9.357684109930765e-06,0.00042807905879909265,0.26562173447349224,5.640968076953047,0.05779569062306986,0.02286818082582246,0.257674330683505
74,0.0187,0.00174,870,0.8,b,0.000356416513784497,9.543761005665971e-07,0.15354430697195362,1.5925145824229256e-05,0.004306609798370687,3.368473314562467e-05,0.0004063185423690938,0.20570738132675964,0.39093351204764093,0.05797787442842537,0.022850194953754167,0.028047993984937073
75,0.0187,0.00174,870,0.8,b,0.0003640924950543908,4.1410028254522256e-07,0.5922213984133886,7.198045727685085e-05,0.12825749765545333,5.877181182213143e-06,0.0007967311532785196,0.26665505204708384,5.940972800198334,0.06050205241640934,0.02260804220190171,0.21657018473001152
76,0.0187,0.00174,870,0.8,b,0.00035803779575317913,4.97714770386965e-07,0.5871646903615666,7.221126196619142e-05,0.12773296211889676,5.617661338819808e-06,0.0007719361350865568,0.26623100865019567,5.7428355863835385,0.05850653834165112,0.022798400640791333,0.21754196772329898
77,0.0187,0.00174,870,0.8,b,0.00035814782933836053,1.209799044067498e-06,0.15442155094663387,1.3220453660411502e-05,0.031663787621956485,1.1348583211865915e-05,0.00036023642491768654,0.20919613239177123,0.397334054966122,0.05854250478694756,0.02279489820093102,0.20504772441314936
78,0.0187,0.00174,870,0.8,b,0.0003569411221154621,5.826827517363277e-07,0.5853473349989389,8.424924531554868e-05,0.12734032219386393,5.3470455616924564e-06,0.0007715845981592283,0.2665898008206096,5.689859225445863,0.058148674933608764,0.022833396930627192,0.21754659939486148
79,0.0187,0.00174,870,0.8,b,0.00035643102430235255,1.1719078927803863e-06,0.15379472726977872,1.4754926868650878e-05,0.03165539458945727,1.0414077349106604e-05,0.00035823996616001847,0.20944220952064374,0.39222569146452163,0.05798259534384295,0.022849729826543118,0.20582886781241222
80,0.0187,0.00174,870,0.8,b,0.00035631022063723237,3.85633024110072e-07,0.6179259323262497,8.86994937454893e-05,0.13868929821801926,1.832094879664189e-05,0.0008099872722127437,0.2714524187345092,6.3296364893526045,0.05794329841092367,0.02285360299243017,0.22444323981663666
81,0.0187,0.00174,870,0.8,b,0.0003576097974079364,1.1718810206337256e-06,0.1653539621126211,7.148465132020497e-06,0.0352720993845752,9.417491279516783e-06,0.00035878793539660154,0.21528519066041438,0.4549003448494516,0.058366744526211205,0.022812039472827183,0.2133126955890642
82,0.0187,0.00174,870,0.8,b,0.0003562875963039064,5.608008804439382e-07,0.6133439067174306,0.00010557851197352848,0.13780714896580396,1.6220903661009917e-05,0.0008132471284347702,0.2726065135728985,6.235717896877854,0.05793594028981537,0.022854328585082382,0.22468169563033116
83,0.0187,0.00174,870,0.8,b,0.0003570500474728537,1.1997185633629528e-06,0.1639094837748222,8.00606625113602e-06,0.03431758535534726,8.824829838090109e-06,0.00035881728575428725,0.2124288443986038,0.446287688381444,0.0581841700404392,0.022829913769575275,0.20936912596523422
84,0.0187,0.00174,870,0.8,b,0.00035917521274305005,5.569130680169106e-07,0.6160902923009103,0.0001002879363025143,0.16470274915961283,1.7890770964081624e-05,0.00041467096321033274,0.27264779474695416,6.3426790383779785,0.058878856761353515,0.022762273634615957,0.26733540719250426
85,0.0187,0.00174,870,0.8,b,0.0003600180915689551,1.2004518480529686e-06,0.1647747630559196,7.636869963970899e-06,0.034149883566225184,9.923366024800063e-06,0.0003603949942625639,0.2079079469523978,0.4547611573715054,0.05915552380723063,0.0227356123617229,0.2072519051636308
86,0.0187,0.00174,870,0.8,b,0.00035756446977262883,4.2219406542244776e-07,0.6452833185481175,6.682262614964267e-05,0.14773575829306718,2.085959236863995e-05,0.0008484109206027548,0.2748546672951135,6.926803695310851,0.05835194930046307,0.022813485342209314,0.22894712143724946
87,0.0187,0.00174,870,0.8,b,0.0003590035456745755,1.2353944887410956e-06,0.17548169169608616,6.086979495924577e-06,0.03657796021280626,8.652122829454774e-06,0.00035960288257328143,0.20935715263397775,0.5143278116795211,0.05882258814964143,0.02276771517666029,0.2084431706764887
88,0.0187,0.00174,870,0.8,b,0.0003555377835114552,6.922676932505721e-07,0.639817929653926,8.07869462720057e-05,0.17390598007637767,2.2616806905747265e-05,0.00041153971936254186,0.2766988019525466,6.771364916596746,0.057692342710910345,0.022878415254966374,0.27180541841089456
89,0.0187,0.00174,870,0.8,b,0.00035586898591238804,1.3945334395291629e-06,0.17288359111278276,6.474672693326365e-06,0.03595602855148343,9.875464649148795e-06,0.00035791327870541564,0.21117978438861748,0.49485200812305863,0.05779987976207528,0.022867766462538092,0.20797826051650598
90,0.0187,0.00174,870,0.8,b,0.00035475294186314277,6.951705042858292e-07,0.6409410587675328,9.314780580481124e-05,0.14751743961073385,2.0237107773441948e-05,0.0008325430012352424,0.275302894117677,6.780158376261292,0.0574379147492729,0.022903708932255316,0.2301575746986712
91,0.0187,0.00174,870,0.8,b,0.0003554285597017539,1.3485103127472254e-06,0.173289963170107,6.9144276357258494e-06,0.03644726099366221,9.83146342877287e-06,0.00035608787739352783,0.21134686468035377,0.4965657788829141,0.05765690113570215,0.022881930273187023,0.2103252855901666
92,0.0187,0.00174,870,0.8,b,0.0003578861166067054,7.659944251789901e-07,0.6729531736873533,0.00010667538257930117,0.1566316084672674,3.0109314477764944e-05,0.0008900402408079735,0.27790081673395367,7.540361868957273,0.0584569774172672,0.022803231333392782,0.2327526113132453
93,0.0187,0.00174,870,0.8,b,0.0003576141069810915,6.704582938873345e-07,0.18277533618443745,2.228743668163452e-05,0.03949074767612365,8.082435236427541e-06,0.00035946034691247415,0.21855653571864322,0.5558114268730985,0.05836815129567233,0.022811902019567946,0.21606168808396436
94,0.0187,0.00174,870,0.8,b,0.00035549764451300116,8.227496245395788e-07,0.6664342211049983,0.00011880577075794354,0.15596250036761705,2.888070490267891e-05,0.0008654015478656196,0.27801668344922553,7.345628377376863,0.057679316910310544,0.022879706811701782,0.23402534778154016
95,0.0187,0.00174,870,0.8,b,0.00035641760597380405,1.1709050517096458e-06,0.18242366593184225,1.0756607758760668e-05,0.03780416770606666,1.1112737902456873e-05,0.00035686627269724056,0.20787004603163178,0.5518221801620619,0.057978229759388274,0.02285015994319732,0.20723280344662728
96,0.0187,0.00174,870,0.8,b,0.00035760529369240193,5.716864214197704e-07,0.6666627660786332,7.491218073369836e-05,0.18413229803142342,2.7383842391170232e-05,0.00040205385458728926,0.27972965433944275,7.394247532024114,0.058365274401171806,0.02281218312088677,0.2762000630611264
97,0.0187,0.00174,870,0.8,b,0.0003586652289045675,1.0308205712229496e-06,0.18226408749180695,6.9776671900548885e-06,0.03839691868754744,9.550894979498282e-06,0.0003587940235776804,0.21084685844142423,0.5543309573345374,0.05871177425213168,0.022778450653186295,0.210666397401372
98,0.0187,0.00174,870,0.8,b,0.00017018033341580516,2.9238604670713433e-07,0.13201102945086887,1.1616238563973982e-05,0.05501668767495733,1.116787265041721e-05,0.00017039944766492459,0.4170541219233412,0.1379772395174631,0.013217989235024747,0.03306847243753724,0.416758265607141
99,0.0187,0.00174,870,0.8,b,0.00017089551764859983,1.5538981893563526e-07,0.052171625607933605,2.101150110444497e-05,0.018830353100709032,5.275422064805147e-05,0.00017643230140835741,0.4125308392179382,0.02164098659974793,0.013329320093058946,0.03299920542069669,0.3609309252162836
100,0.0187,0.00174,870,0.8,b,0.0003573176581223326,5.051424863711137e-07,0.6834233376029346,8.763104121946313e-05,0.16069166703835788,3.0393867016080684e-05,0.0008840760508863394,0.27823083405049887,7.764468548654642,0.05827142133084538,0.022821363013317445,0.23512756763907716
101,0.0187,0.00174,870,0.8,b,0.0003585012118197366,9.165854917357943e-07,0.1881556689551835,1.364554897984588e-05,0.03918712910913416,7.085713342346832e-06,0.00036075147096185234,0.21124243212291408,0.5904768691484171,0.05865808891298781,0.02278366071626156,0.20826972329209
102,0.0187,0.00174,870,0.8,b,0.00035388483896997834,8.679297104623194e-07,0.6771003499316439,0.00012297420030342443,0.18714914244249453,2.809837765371868e-05,0.0004136992010829388,0.280990349827956,7.5482396414880455,0.05715715027160087,0.022931783881069277,0.2763979408094945
103,0.0187,0.00174,870,0.8,b,0.00035399546164554315,1.1361400682438018e-06,0.18673641168531038,1.717886853294943e-05,0.03916256323099776,7.408562135614193e-06,0.00035671367611485506,0.21333623005373378,0.5742927830505684,0.05719288994984964,0.02292820053922144,0.209721086945779
104,0.0187,0.00174,870,0.6,b,0.00033375591859458747,3.0612217382028943e-06,0.14682506201552575,2.3609733758144966e-05,0.032245323202520555,1.0624812233964025e-05,0.00033429907219819315,0.22073987384584867,0.3347395345388578,0.05083989035998539,0.023613172010225232,0.2196172966649987
105,0.0187,0.00174,870,0.6,b,0.00015488430579190313,2.4025344708082204e-07,0.1362068740836998,1.020272141060745e-05,0.035643642773300684,9.17135620012558e-06,0.000254079520633107,0.4163943824318812,0.13368513279714087,0.01094867288648696,0.03466291737434552,0.261687547071945
106,0.0187,0.00174,870,0.6,b,0.00015473000227993723,1.4044822606889958e-07,0.05432743448072293,1.321774810632041e-05,0.022075917781499185,2.0137057374649923e-05,0.00015823245027782982,0.43405349907222407,0.021246655268891572,0.01092686851931991,0.034680196754571485,0.4063493517134959
107,0.0187,0.00174,870,0.6,b,0.000155695698092271,2.3097043438356272e-07,0.13631087061338804,7.950845750036709e-06,0.05566714133820506,8.465693023304407e-06,0.00015868038614655068,0.41222434536849223,0.1345907590516211,0.011063686970950302,0.03457247825707973,0.40838372675420065
108,0.0187,0.00174,870,0.6,b,0.00015556276448842294,1.6279903993053675e-07,0.054079931523501955,1.2236453432728572e-05,0.02148232843773462,1.8654315369715468e-05,0.00016249301356266414,0.45197975538617063,0.021166817458101207,0.011044802596636942,0.03458724677426728,0.3972329075231701
109,0.0187,0.00174,870,0.6,b,0.00033508338838935097,2.8001744888450955e-06,0.1962607895906629,1.7716256271599225e-05,0.045183472174677095,8.068223449405763e-06,0.00033713515624668347,0.23248029743934748,0.6004787292452373,0.051245112428936264,0.023566352501604843,0.23022159581093776
110,0.0187,0.00174,870,0.6,b,0.00033073170675979724,1.6111190292711835e-06,0.21444264155375134,1.704516120633523e-05,0.04995288390719602,6.618070054050789e-06,0.0003328323923456439,0.23485878183230574,0.7075803680330606,0.04992272897885156,0.02372088579873717,0.2329428678235855
111,0.0187,0.00174,870,0.6,b,0.0003319045682887419,2.1648313490595e-06,0.20876450554573903,1.4510182737569697e-05,0.04807177485429446,4.6789250073349795e-06,0.0003353649318642343,0.2336260124766323,0.6729831622783186,0.05027743503347619,0.023678937089935553,0.23026795062038086
112,0.0187,0.00174,870,0.6,b,0.00033189647913334225,1.8213199288674823e-06,0.2470893441672082,2.1114447322502995e-05,0.05722386324222435,5.101829385318128e-06,0.00033416635250734867,0.23316132137023324,0.942732164413556,0.050274984346936245,0.023679225645926325,0.2315917889340477
113,0.0187,0.00174,870,0.6,b,0.00033137379075562026,1.5749117385685558e-06,0.248061941747364,2.2946750631102872e-05,0.056643577541289215,4.906985790446799e-06,0.00033481835302048927,0.23073683118154187,0.9486719938728531,0.050116757553107114,0.02369789335533587,0.22834448985720368
114,0.0187,0.00174,870,0.6,b,0.0003343399423003131,2.2328382040423658e-06,0.2405773444673817,1.8457143339402965e-05,0.05516828508231926,5.9965358936562e-06,0.0003361459999942731,0.2306472715470606,0.9002753576209975,0.05101797067295213,0.023592539297668573,0.22931621098594
115,0.0187,0.00174,870,0.6,b,0.00032991660834820377,1.2892981612469797e-06,0.28422856703524935,2.6184085122435144e-05,0.0654720307845592,5.39478506586203e-06,0.00033060583067321986,0.23071297780365568,1.239987411248295,0.0496769600186924,0.023750170363849226,0.23034993092879194
116,0.0187,0.00174,870,0.6,b,0.0003332521747470718,1.473143000154826e-06,0.2788984466982823,2.9936146996148404e-05,0.06318686496255338,5.063897194610251e-06,0.0003357980765927399,0.22797150011212808,1.2059875636848252,0.050686539042328095,0.023631012101453724,0.22655868367352416
117,0.0187,0.00174,870,0.6,b,0.0003276319350317966,7.535343860808148e-07,0.2903677989259372,2.698992271730407e-05,0.06640828595075311,5.1898083105659905e-06,0.00033113123969534975,0.2304774012594661,1.2851705881674156,0.048991316171773415,0.023832834945607638,0.22870403053091837
118,0.0187,0.00174,870,0.6,b,0.0003303321089661933,1.0874764188417735e-06,0.3114354233581704,2.8940742232037355e-05,0.070350717953599,5.1285990643370856e-06,0.00033458530206648184,0.2277882240295757,1.4906114519673315,0.04980216623562985,0.023735228862139413,0.22589183078474417
119,0.0187,0.00174,870,0.6,b,0.0003342132682387125,9.567907875721276e-07,0.31082539155985944,4.2539528059117755e-05,0.07125794174345634,5.3093889881222275e-06,0.0003351239885296751,0.22965694375049914,1.5022226722768242,0.050979318819173884,0.023597009915581526,0.22925392737656483
120,0.0187,0.00174,870,0.6,b,0.0003302478982585447,7.449554459405594e-07,0.31365333982611626,3.381769223916346e-05,0.07155858874505282,4.91020856036363e-06,0.0003329837128628281,0.22933811296677178,1.5115326795611954,0.04977677759807149,0.02373825482086357,0.22814547036139837
121,0.0187,0.00174,870,0.6,b,0.00033163758498397583,1.4882073305503147e-06,0.08257558919889431,7.522569427250299e-06,0.009230304383430336,4.9326183628476555e-05,0.00033233316870679206,0.12040030485687796,0.10520702799870521,0.05019658144945402,0.023688466481846263,0.11178006082642557
122,0.0187,0.00174,870,0.6,b,0.0003295522604825154,3.1887737175468825e-07,0.36959000128004155,6.16742616985969e-05,0.08613215295164091,5.174038116436706e-06,0.00033221218596194443,0.23386610373885422,2.094316758929735,0.04956729776115274,0.023763295646991284,0.23304784397123837
123,0.0187,0.00174,870,0.6,b,0.00032995113750299216,1.103000404564715e-06,0.08345864763251515,2.567721876599359e-05,0.011458030159666066,2.9451991228391207e-05,0.000330446052379089,0.14227647867232537,0.1069227111387142,0.049687358968975824,0.023748927612011646,0.13728990925084275
124,0.0187,0.00174,870,0.6,b,0.0003332809511293336,6.56364845662033e-07,0.36636195192668647,3.854113316837154e-05,0.07586826494259132,6.576062444807902e-06,0.00040425137114264326,0.23077835288910908,2.081176275676896,0.05069529300288799,0.023629991896556953,0.20708554625719836
125,0.0187,0.00174,870,0.6,b,0.0003338316249099598,1.2963072030272342e-06,0.08231673389528288,8.176678691036953e-06,0.005033232292528396,4.9380579493911216e-05,0.0003346609673962384,0.07835835226381033,0.10524013181670674,0.05086295714073361,0.02361049436155903,0.061144703565757276
126,0.0187,0.00174,870,0.6,b,0.00032981305050529334,4.86451110832426e-07,0.3924930568281002,5.069554038305294e-05,0.09087714163162507,6.413101256303374e-06,0.00033406451200129354,0.23270456260473935,2.3637929853595274,0.049645778615299584,0.023753898723555697,0.23153821462739005
127,0.0187,0.00174,870,0.6,b,0.0003295132519341649,1.060755256113908e-06,0.08977260919449344,3.720416501993038e-05,0.01482654709021341,3.13833432670411e-05,0.0003296194913865438,0.16593786032035568,0.12354871337979555,0.04955556405983902,0.023764702182584505,0.1651566911472019
128,0.0187,0.00174,870,0.6,b,0.0003302818070456164,5.60227401425111e-07,0.3924018928018574,5.409087768728718e-05,0.08407587121601073,5.641863553620666e-06,0.0003942726878621685,0.23250995245035477,2.366053090655817,0.04978699996020682,0.02373703623105331,0.21425959649604617
129,0.0187,0.00174,870,0.6,b,0.0003304989974101749,1.5549102786185964e-06,0.09033491273776079,6.6141884052438365e-06,0.014133433172877971,3.118871393592837e-05,0.00033089286102455054,0.15945351573067326,0.12547553358312824,0.0498525004618473,0.023729235446694228,0.15645593430644975
130,0.0187,0.00174,870,0.6,b,0.00033239723126736676,4.702760399614987e-07,0.3898302474959963,7.040039270544876e-05,0.09024439932642313,5.474506689070802e-06,0.00033750373316388915,0.23291626135927354,2.350098747168203,0.05042680456215974,0.02366138269961244,0.2314966575992797
131,0.0187,0.00174,870,0.6,b,0.0003324050286665923,1.5723697914962914e-06,0.08939117922475658,7.421479336904768e-06,0.014319852392008442,2.7562842710774892e-05,0.00033328104385044855,0.16677152882875423,0.12357612252339746,0.050429170421449086,0.023661105179248427,0.1601931254984788
132,0.0187,0.00174,870,0.6,b,0.0003345633177998412,8.294793973223285e-07,0.43118492502209904,7.799007143620116e-05,0.0995794786835456,6.796781297202111e-06,0.00037012406096329105,0.23893037047161544,2.8938972419281406,0.051086164568932474,0.02358466205155533,0.23094378514843011
133,0.0187,0.00174,870,0.6,b,0.0003347442753203992,1.4417723735966078e-06,0.10126260475618287,7.5087304426843026e-06,0.0151042556947599,2.2374354053032483e-05,0.0003372233231802512,0.16429194252421825,0.15969414502375884,0.051141442151564576,0.023578286440054035,0.14915926497375298
134,0.0187,0.00174,870,0.6,b,0.00033525037496359516,4.3640308535503194e-07,0.4356734688499895,9.686545943777278e-05,0.09764593239971839,7.28143951197489e-06,0.00040645065760059864,0.23998400401967496,2.9605278131119985,0.05129620047621679,0.023560482628039177,0.22412641434757577
135,0.0187,0.00174,870,0.6,b,0.0003353947403127623,1.4705852763247587e-06,0.1019838026283841,7.609310940899797e-06,0.01936116584310969,1.8769061205246572e-05,0.0003362601732175139,0.19409759525528522,0.1622916950881565,0.051340388276734615,0.023555411464151,0.18984549844311352
136,0.0187,0.00174,870,0.6,b,0.00033550101060796794,5.711925601695367e-07,0.44059034719865553,6.774694751438615e-05,0.10491478699192607,6.654710670152655e-06,0.00034250508270538676,0.23960503942973002,3.029991672385526,0.05137292797951629,0.023551680568105617,0.23812320823411406
137,0.0187,0.00174,870,0.6,b,0.00033667806269469154,1.2310407071717972e-06,0.10379519326515234,9.362061258423018e-06,0.020247623331657052,1.602257873809049e-05,0.00033692372261149846,0.19621619706703453,0.16875123091049407,0.051734027841703493,0.023510475290060263,0.1950728419564963
138,0.0187,0.00174,870,0.6,b,0.00033269060635474014,4.2563956315176834e-07,0.5093863930499661,0.00014589778888502973,0.12634622981225152,1.1356662538755887e-05,0.00035845699756935443,0.2519329898195676,4.0161771795244885,0.0505158576312533,0.02365094779238519,0.24803613040338537
139,0.0187,0.00174,870,0.6,b,0.00033334997297996817,1.3055429863315921e-06,0.1271800479596386,8.186030883403884e-06,0.027082571845828626,1.4465320514825733e-05,0.0003334620128933039,0.21326556830337895,0.250851116982578,0.050716292974571774,0.023627545413373873,0.2129467025710153
140,0.0187,0.00174,870,0.6,b,0.0003341934793876341,6.386696754666954e-07,0.5088344247840194,8.267881127428256e-05,0.1182129102677831,8.767858825446366e-06,0.00045232402448595204,0.25084814538946504,4.025581178923027,0.050973282001502335,0.023597708539031027,0.23232097615635955
141,0.0187,0.00174,870,0.6,b,0.0003350791685242577,1.7963418602159397e-06,0.1266018110357989,3.818087201078554e-06,0.027302179388511205,1.4154299928230422e-05,0.00033565824238808054,0.21729121001677495,0.2498647039720501,0.05124382172872863,0.023566500894170752,0.21565394021726145
142,0.0187,0.00174,870,0.6,b,0.00033330765352390277,4.315488424958763e-07,0.5107798573581779,7.923648358015788e-05,0.12037266900368233,1.0650907783238655e-05,0.00044231297215081443,0.25245832143898433,4.045670020631288,0.05070341671917285,0.023629045338626836,0.2356644790698403
143,0.0187,0.00174,870,0.6,b,0.0003336530196115577,1.312946335507981e-06,0.1275057340718421,9.917361099640305e-06,0.027039938570735444,1.0157267391394164e-05,0.00033501443733590665,0.21590735632337923,0.25236675154457877,0.050808546696596124,0.023616812894521107,0.21206841219783892
144,0.0187,0.00174,870,0.6,b,0.00033159205879204954,5.587103288887672e-07,0.5834455141748479,0.00021133111759483254,0.12949941927671324,4.22048370108495e-05,0.0007372068414631879,0.2695234073269385,5.251488001017109,0.050182800729488095,0.02369009258933124,0.22195632005134355
145,0.0187,0.00174,870,0.6,b,0.00033289681383718146,9.044559559446113e-07,0.1550191932688938,1.142205996786021e-05,0.036330952537542205,1.0085084285516384e-05,0.0003336578858329245,0.23568615428563047,0.37218445457622173,0.050578498270141936,0.02364362156143659,0.23436422143239463
146,0.0187,0.00174,870,0.6,b,0.00032876549033277266,5.214848924668271e-07,0.5818656833239308,9.029711922590398e-05,0.1287372232887422,2.8352516981612416e-05,0.0007140397256659311,0.2669789935544108,5.178564140880318,0.04933090722084239,0.023791712679902908,0.2212490390451035
147,0.0187,0.00174,870,0.6,b,0.0003293697231709001,9.002579953182324e-07,0.15366979627028404,1.312638050422982e-05,0.03632397007656687,8.712290845826908e-06,0.0003295248288261032,0.23664920599425932,0.36185814445075243,0.04951240282293244,0.023769879566178733,0.2363767699195618
148,0.0187,0.00174,870,0.6,b,0.0003300004487078709,6.300923381738221e-07,0.5924205237745995,9.181402457263823e-05,0.13173580110516683,2.981000688694452e-05,0.0007345559621924397,0.2684472251153258,5.388307449773618,0.049702211632576564,0.023747153172020377,0.22236873271340082
149,0.0187,0.00174,870,0.6,b,0.00033084729235065144,8.817184137454899e-07,0.15683296978090572,1.1277999690944133e-05,0.03689537619122393,6.754958404911106e-06,0.000331469957387564,0.23630595641644497,0.3785994366820388,0.04995762951201246,0.02371674184444821,0.23525267832883895
150,0.0187,0.00174,870,0.6,b,0.0003205553438005213,8.480954728311982e-07,0.5636209862857351,0.00014549696293710877,0.14723300960540872,2.2487664112194782e-05,0.000340603066040933,0.26358629215132845,4.737562783585194,0.046897824358766535,0.024094466141280618,0.2612269826495903
151,0.0187,0.00174,870,0.6,b,0.00032183151828857283,1.095209392506416e-06,0.14610665291450625,1.2478065074539839e-05,0.03555073012180082,6.4416088299735475e-06,0.0003218477510543539,0.24335106211689747,0.31962902045034297,0.04727198091718054,0.02404664719843388,0.24332040610500602
152,0.0187,0.00174,870,0.6,b,0.00031641102906841543,9.023011098063065e-07,0.6159104112236957,0.00017322949075107306,0.16610354125365248,2.992253122595853e-05,0.00035328123928196826,0.27320043140426986,5.584243534281254,0.04569302177975432,0.024251746060989628,0.2696878283379504
153,0.0187,0.00174,870,0.6,b,0.0003179750170130709,1.1119502923164219e-06,0.16418581636547955,1.425182384676105e-05,0.04000681595765042,6.306107433103128e-06,0.0003197776948013129,0.24634546937234236,0.3987878506168875,0.046145850200270365,0.02419203037372698,0.24366791750509542
154,0.0187,0.00174,870,0.6,b,0.00031698738813496364,1.0591957116985273e-06,0.6145235566343129,0.00020366922624327137,0.16620835161092526,8.062718252905028e-05,0.00036582440450602866,0.27511761373872745,5.569249831350463,0.04585963779991084,0.024229688285606746,0.27046701435048737
155,0.0187,0.00174,870,0.6,b,0.0003172834655396236,1.3102316208589307e-06,0.15958964039694315,1.5900486830280245e-05,0.03921906311437027,1.0171727783427942e-05,0.00031821616186971925,0.24720697267537828,0.3759537999700215,0.04594534684836912,0.02421838051451066,0.24574942970497154
156,0.0187,0.00174,870,0.6,b,0.0001473700041280803,1.1271347646920711e-06,0.13416626251290054,1.5196797131143377e-05,0.05583893154767438,1.2750973619462877e-05,0.0001559132239462768,0.4272325211713215,0.12341654526179933,0.009912081056186541,0.035535650582433194,0.41619204785036984
157,0.0187,0.00174,870,0.6,b,0.0001479441804038379,1.5361436547604002e-07,0.05409583917473378,1.159228414651689e-05,0.02150604846624549,3.177375233001125e-05,0.00015144080158563497,0.4260199550431719,0.02014203085328438,0.009989469516281897,0.035466626025847464,0.3975545771048911
158,0.0187,0.00174,870,0.6,b,0.00014808940536675477,8.851816487743699e-07,0.1350159825750242,1.6714689194991668e-05,0.04146713950533444,9.1276342146242e-06,0.0002327419083611275,0.43062499644874375,0.12559489813513408,0.010009090867579831,0.0354492314566368,0.30712763566559564
159,0.0187,0.00174,870,0.6,b,0.0003132260464539343,1.2961234619811778e-06,0.612413274336788,0.00023433334822575168,0.1655501746029192,3.197719401979414e-05,0.0003594020995534207,0.274755933045154,5.465434655232886,0.044777762770332956,0.024374733961666794,0.2703242753550721
160,0.0187,0.00174,870,0.6,b,0.00032260815076092496,1.0404727819388713e-06,0.6618640956212802,0.00022871907060961852,0.18225751218916317,4.553879492971327e-05,0.0003779909090855648,0.2798376581547647,6.574922326489755,0.047500406354272114,0.02401768534462433,0.27536999422529673
161,0.0187,0.00174,870,0.6,b,0.0003239022655434683,1.1145117390650434e-06,0.1809461172815824,2.1138353923433387e-05,0.04287377230652288,6.002070503682185e-06,0.0003260200868228937,0.2396052827781364,0.4933898021177545,0.0478822582737533,0.02396965735450834,0.23694220661172918
162,0.0187,0.00174,870,0.6,b,0.0003164182826758947,9.90462310055066e-07,0.6625431520217075,0.00019922539536500132,0.1832919186849437,4.059890387771228e-05,0.0003540381790622359,0.27967150564914867,6.462008935800309,0.04569511679549741,0.02425146808455082,0.2766490275020431
163,0.0187,0.00174,870,0.6,b,0.00031783066432893486,1.128517223144274e-06,0.18064149589057046,2.105267640370239e-05,0.04368005302822092,6.836097591907449e-06,0.0003207321984711765,0.24538609934251684,0.4825124055905702,0.04610396159295606,0.024197523531688123,0.24180519992306504
164,0.0187,0.00174,870,0.6,b,0.00015050903590328854,7.430040376971911e-07,0.1352885753752298,1.6217063611205503e-05,0.05667443529019147,1.0324569446499415e-05,0.0001517121252049966,0.4204516262670038,0.12816294168038356,0.01033883968490375,0.03516313044548944,0.4189151606704558
165,0.0187,0.00174,870,0.6,b,0.0001508913188282514,1.9219238947463093e-07,0.05440236383476395,1.1404662348038734e-05,0.020420209061542665,2.7328093401828945e-05,0.00016052779634975775,0.45251960404565555,0.020776741753948585,0.010391426311608973,0.035118559328829985,0.37535517985146516
166,0.0187,0.00174,870,0.6,b,0.00015256312938491468,8.312596693197548e-07,0.1323837138664591,1.8829136951239624e-05,0.05543580246424034,9.749278480609496e-06,0.00015504522469018595,0.4220557768833381,0.12439311848918432,0.010622966949130518,0.03492561196183913,0.4187509236986712
167,0.0187,0.00174,870,0.6,b,0.00015338102900441683,1.4111631925230994e-07,0.05294439146271691,2.3039291161636868e-05,0.0185406958093546,2.3505058706474743e-05,0.00016191473849411862,0.42704210392889724,0.020002727336887554,0.010737172923897607,0.03483236761425227,0.3501918767431832
168,0.0187,0.00174,870,0.6,b,0.0003217734513534057,1.056067446979561e-06,0.6639768917536004,0.00022698376832907483,0.15648765649270188,5.043689844344136e-05,0.000809741116433679,0.27796114869522337,6.599845740653311,0.04725492421971437,0.024048816818253726,0.23568238358327373
169,0.0187,0.00174,870,0.6,b,0.00032320341944723453,1.1176923522922828e-06,0.18121293767149785,1.902130518492647e-05,-0.0005054556044905211,3.407974935594469e-05,0.00042231178421545015,0.24335707943622056,0.4937782937711686,0.04767586125867131,0.02399555753877067,-0.002789290935765355
170,0.0187,0.00174,870,0.6,b,0.0003183635647971741,4.102211884847803e-07,0.6585686954277873,0.0005719449386034096,0.18481316618162394,4.40170379197728e-05,0.0003707705489070066,0.2848212145920298,6.4239650733474765,0.04625869442721624,0.024177263248061236,0.28062853194316295
171,0.0187,0.00174,870,0.6,b,0.00032120569173542905,1.1429091422163638e-06,0.1824743521404696,2.108432841261331e-05,0.04295201191192927,5.873079268848269e-06,0.00032228828059875696,0.23673771712262887,0.4975818600223202,0.047088311543994316,0.02407006164530063,0.23538657026640444
172,0.0187,0.00174,870,0.6,b,0.00032389123672813957,1.0963371189815369e-06,0.665822211787346,0.00024378227038622402,0.1846727569244482,4.6124412083992744e-05,0.0003773562250963419,0.28159373038828933,6.680260557735011,0.04787899756427636,0.02397006544624426,0.2773604629811149
173,0.0187,0.00174,870,0.6,b,0.0003253822214844811,1.1707939198127297e-06,0.1826695355240464,2.1873176063170745e-05,0.042435606083901234,9.766852162578332e-06,0.00032797817049773294,0.23557040836154247,0.5051306427815715,0.04832081973633764,0.02391508389652326,0.23230806364159753
174,0.0187,0.00174,870,0.6,b,0.00032391723596533045,7.604262487710352e-07,0.6779604708310871,0.00021417108774842634,0.16237118643635973,5.738121050800118e-05,0.0008066737690934935,0.2792260344824914,6.926605433205665,0.04788668451121816,0.023969103447539514,0.23949948916242092
175,0.0187,0.00174,870,0.6,b,0.0003266923933890391,8.214052998047523e-07,0.18668068342021404,1.6230410580926922e-05,0.043955152229434705,6.982881758860003e-06,0.0003290747691421497,0.23828752559145586,0.5296822661673893,0.04871073678907318,0.023867081020956245,0.23545634944185756
176,0.0187,0.00174,870,0.6,b,0.00015635703014293365,3.909303332857875e-07,0.1346971383570949,1.5256412736176524e-05,0.05538955842036262,1.0639891444080074e-05,0.00015957717498233387,0.4154280490025708,0.13198111631143244,0.011157874674485124,0.03449928642291693,0.41121555436107066
177,0.0187,0.00174,870,0.6,b,0.00015690455468994296,1.3465169243027612e-07,0.05419407337278904,9.594232148247113e-06,0.021650282755462512,2.35856387622041e-05,0.00016187627844524384,0.43910036964439314,0.02143960534458648,0.011236155859033157,0.034439040518400486,0.3994953951243895
178,0.0187,0.00174,870,0.6,b,0.0003172064719883027,1.126241521547127e-06,0.6770574953713359,0.00022359032154757109,0.18872630931404022,4.446162609939021e-05,0.000353568815651593,0.2815226996799815,6.765046504558649,0.04592305091056112,0.024221319524512286,0.27874487854319113
179,0.0187,0.00174,870,0.6,b,0.000318822634523363,1.149041864213963e-06,0.18502415106491787,2.1687155976644175e-05,0.044289936363488325,7.03846150846574e-06,0.000320583887748847,0.24147302839520893,0.5077894022183252,0.046392197624910245,0.024159850670266506,0.23937381205953318
180,0.0187,0.00174,870,0.6,b,0.00015012760932849105,6.673967191760394e-07,0.13072853831320816,2.2334405560336992e-05,0.0551952347764756,9.455289474698086e-06,0.0001533410256399334,0.4265590366627562,0.11936555607003062,0.010286503806471526,0.03520777128225801,0.4222125902167985
181,0.0187,0.00174,870,0.6,b,0.00032206277546596615,1.1194807485948315e-06,0.6689752020274706,0.00023871067405858287,0.18641261989971913,4.5612363137670145e-05,0.0003669366901777907,0.28216194918329196,6.705608841304929,0.04733994139918067,0.024038012300518104,0.27865400591046774
182,0.0187,0.00174,870,0.6,b,0.00032273493369297995,1.2859559849856495e-06,0.18327037317912714,2.48894340198411e-05,0.043348868773233906,6.837030411929774e-06,0.00032383165173598317,0.23787998391857312,0.5043222761498658,0.04753774839989727,0.02401296733711719,0.23652960389219613
183,0.0187,0.00174,870,0.6,b,0.0003258249678563982,1.0157254224826787e-06,0.6749691019859735,0.00022393552205685123,0.16013559088444562,5.3755084158327194e-05,0.0008123320059051722,0.2779185708863069,6.906051177904846,0.04845240911947289,0.02389882989959781,0.23724877244495465
184,0.0187,0.00174,870,0.6,b,0.0003270456200551912,1.1593231938064292e-06,0.18470433182348148,2.132217925877073e-05,0.04301286918942526,5.995682842648531e-06,0.0003297734637867642,0.23621848019136973,0.5190869912462904,0.04881612787387935,0.023854188680381905,0.23287417660854792
185,0.0187,0.00174,870,0.6,b,0.0001531439059288398,6.731163227704295e-07,0.13368542405775036,1.3853713365887957e-05,0.055310567805536094,1.0088677380861976e-05,0.00015455769182096544,0.41560816699153613,0.12733432241893922,0.010703999806803975,0.03485932384000884,0.41373671210140794
186,0.0187,0.00174,870,0.6,b,0.0001534861935901628,1.690941006525253e-07,0.05381300916027868,1.026013543381512e-05,0.0195545761917886,1.5350627283344764e-05,0.0001629061478219283,0.4425692113154588,0.020678618351427622,0.010751901700378876,0.03482043247171696,0.3633800914858063
187,0.0187,0.00174,870,0.6,b,0.0003217709082030854,8.008783217249079e-07,0.6795920809040955,0.00019236546861386682,0.18989633710500692,4.657998102924093e-05,0.0003670159699039397,0.28284537358270284,6.9138673268653115,0.047254177260011826,0.024048911854246402,0.27942694219211367
188,0.0187,0.00174,870,0.6,b,0.0003238622626189803,8.978951914185353e-07,0.18664763888159888,1.8146067503161317e-05,0.045060351602901165,6.523042851490996e-06,0.00032394462407457815,0.24151539797887023,0.5249077592353348,0.04787043179221845,0.023971137654772635,0.2414193497057066
189,0.0187,0.00174,870,0.4,b,0.0002257784768140519,2.016151241539004e-06,0.2139346307354357,8.69756034694214e-05,0.0685254940066318,7.166034283248217e-06,0.00023087082916603473,0.3237001399204416,0.4807534046104038,0.02326546467810602,0.028709626946716114,0.32031043207480747
190,0.0187,0.00174,870,0.4,b,0.00022585717704817993,4.5435401264959855e-07,0.06654431211466538,9.898614335612694e-06,0.02304785574174184,1.716860283799142e-05,0.0002296626814855101,0.3698945585737516,0.04653003955909848,0.02328168692090847,0.028704624557033973,0.34635350504528595
191,0.0187,0.00174,870,0.4,b,0.0002265124796660122,1.9888619137831166e-06,0.2083517070584647,7.511825578456774e-05,0.06721755756842754,5.217346517669384e-06,0.00023265743932270302,0.32689184263782517,0.4574713561340248,0.023416982006808012,0.028663073116052006,0.32261582358701724
192,0.0187,0.00174,870,0.4,b,0.00022600822494107435,3.2231736299931984e-07,0.06576869906899555,9.743399186945829e-06,0.02232344451004673,1.875146760626671e-05,0.00023263490340207557,0.3811378794599845,0.04548208791279659,0.023312837807713527,0.028695030884657906,0.339423537732258
193,0.0187,0.00174,870,0.4,b,0.00022594451051506886,2.1261415199922646e-06,0.21215114736091098,8.308134515950029e-05,0.06860568043832985,5.698958701211362e-06,0.00022795519068795968,0.3247335245949625,0.473118804864532,0.02329969532399285,0.02869907647652836,0.3233811426040418
194,0.0187,0.00174,870,0.4,b,0.00022447590456693367,1.76411917520859e-06,0.06613996085128554,8.242872907441008e-06,0.02277844156476618,2.370431593943525e-05,0.00023290491452962318,0.39549279363058687,0.045685169800746606,0.022997790534534074,0.028792803512979,0.3443975664875744
195,0.0187,0.00174,870,0.4,b,0.00022471390110220045,1.362132161598005e-06,0.2848435781892889,9.442322942639632e-05,0.077618090343052,3.6726502027293076e-06,0.00026328748437868247,0.2891030415439815,0.8482433250415348,0.023046582372665044,0.028777552113724274,0.2724937344084056
196,0.0187,0.00174,870,0.4,b,0.00022432955739624654,3.514962917408767e-07,0.08066742758517086,1.2715985795009617e-05,0.02835542796138452,1.2467311042253832e-05,0.00023112871722462291,0.37955190209378675,0.06791419563348593,0.022967813468969214,0.02880219384559254,0.3515102540172871
197,0.0187,0.00174,870,0.4,b,0.000229407262953803,4.960807482312034e-07,0.2275609126230641,4.14331157732526e-05,0.07073527781667224,5.331194646462224e-06,0.0002320685494920872,0.31245877221429214,0.5526881372646758,0.02401933505017593,0.02848165601710986,0.31084107108429204
198,0.0187,0.00174,870,0.4,b,0.00022878277584909693,4.2515466335998e-07,0.0687361800761113,8.613158827219875e-06,0.024477350314896968,1.678190352868472e-05,0.00023113831905035006,0.369585079195386,0.050288856139935285,0.02388874329118605,0.028520501393220203,0.3561057697386339
199,0.0187,0.00174,870,0.4,b,0.00022821118611788,2.62502989031063e-06,0.2299056599505194,4.7425567513395226e-05,0.07078501781565832,4.325150778695859e-06,0.00023230851681923313,0.3103473042092715,0.5611951389317782,0.023769525373106306,0.028556196029925974,0.30788723440254917
200,0.0187,0.00174,870,0.4,b,0.00022821118611788,4.366104772119979e-07,0.06964451541323234,9.441259622661446e-06,0.02467257203726183,1.5732970414201105e-05,0.00022946500074856518,0.3613516547800311,0.05149776915195462,0.023769525373106306,0.028556196029925974,0.3542643938416159
201,0.0187,0.00174,870,0.4,b,0.00022983016036594238,4.378439483096756e-07,0.2684110979479736,6.33769438409293e-05,0.07553613231774915,3.6829503743793775e-06,0.00025832084621969586,0.2948828270914628,0.7703455946242056,0.024107972846967692,0.028455440213984048,0.2814195571465916
202,0.0187,0.00174,870,0.4,b,0.0002292836861098674,1.705131850367471e-07,0.07658291191599924,1.0565946219936707e-05,0.0283633282064213,1.3303058401595161e-05,0.00023331770617722296,0.38815245139286186,0.0625625658932543,0.02399346460371868,0.028489330350812508,0.37036105701402305
203,0.0187,0.00174,870,0.4,b,0.0002290131312071769,5.975088606411367e-07,0.3000450165975184,7.849103228786032e-05,0.0804198094417065,6.868539927060944e-06,0.0002624009976014396,0.2812724787563039,0.9592037475873526,0.023936873403753438,0.02850615395559351,0.2680258127718947
204,0.0187,0.00174,870,0.4,b,0.0002290131312071769,5.975088606411367e-07,0.08159176213623621,1.1461223922372607e-05,0.030555333439222124,9.896144734245317e-06,0.00022987228535325255,0.37785599965983685,0.0709301137262921,0.023936873403753438,0.02850615395559351,0.374490422062499
205,0.0187,0.00174,870,0.4,b,0.00022809950485123227,4.04195142650438e-07,0.07775912870169682,1.2293710293402223e-05,0.028505562666466575,1.1650689768254333e-05,0.0002310678126717903,0.3794976988085603,0.0641659694060711,0.023746266555745535,0.028563185965898557,0.3665879896342581
206,0.0187,0.00174,870,0.4,b,0.00023018932258125349,5.348257889296486e-07,0.30306225644454615,7.915429885503521e-05,0.08064943145335365,6.042325772905003e-06,0.00025866072052803374,0.2773070395009831,0.9836181317536896,0.024183380169483137,0.02843323217120417,0.2661150629560853
207,0.0187,0.00174,870,0.4,b,0.0002295774218242892,4.0998485623850966e-07,0.08267271559286447,1.2000582671637671e-05,0.030250969534332456,9.461199435755479e-06,0.00022994111886545093,0.3673362192222955,0.07300140642509906,0.024054980117714616,0.02847109900168053,0.3659123728717027
208,0.0187,0.00174,870,0.4,b,0.00022876858798860566,5.151809078679052e-07,0.29750353318075984,9.304853463561369e-05,0.08070079770627052,6.641098269686022e-06,0.0002599809293792208,0.2837268624518379,0.94201603050304,0.023885780483810636,0.028521385777358788,0.27125996401944447
209,0.0187,0.00174,870,0.4,b,0.0002282762295627311,5.950757377609193e-07,0.08279636362982805,1.2596517865570026e-05,0.030816100830429547,1.0498330309220581e-05,0.00023070307765932736,0.38140823792692996,0.07280494250565901,0.023783076611873004,0.028552127437913053,0.37219147652672757
210,0.0187,0.00174,870,0.4,b,0.00023092045378526744,4.2094515370202807e-07,0.29787718555819537,8.414302002375541e-05,0.07159142424417812,7.372309313246433e-06,0.00032622141066678044,0.28077656992819827,0.9532669408434093,0.024337247458915964,0.028388184398470847,0.24033872923172064
211,0.0187,0.00174,870,0.4,b,0.00023083237149483358,6.087482881096509e-07,0.08296926807337726,1.198084823546801e-05,0.029789348514052676,1.3638325363969557e-05,0.0002339568613122348,0.37123504811910046,0.07392798639169154,0.02431868460212962,0.02839360014192591,0.3590407533510751
212,0.0187,0.00174,870,0.4,b,0.0002294024104560945,4.371947996877058e-07,0.3233457690061227,0.00010179541257866291,-0.016228725833052293,1.1054924611972784e-05,0.0006181145816219664,0.2747063422794026,1.115860715202348,0.024018318931208305,0.028481957248555997,-0.05019000521619627
213,0.0187,0.00174,870,0.4,b,0.0002279362690484487,1.71370839431176e-06,0.08666709204849861,1.1649779428367771e-05,0.03195998422930375,1.2203281953265385e-05,0.00022972790834592402,0.37505896275836925,0.07965252198242022,0.023712291436846198,0.028573411850846057,0.3687672387971556
214,0.0187,0.00174,870,0.4,b,0.00023205217175113326,3.5829555125738137e-07,0.32381794436912725,7.825365718252185e-05,0.08479064646894059,5.750445098058544e-06,0.00026759370638026905,0.2742514385036136,1.1320486897564725,0.024576380824809015,0.02831887523146534,0.2618466578006741
215,0.0187,0.00174,870,0.4,b,0.00023205956069891564,3.9879175966932e-07,0.08689186137125687,1.2037029048753258e-05,0.031917405080944664,9.58917971444821e-06,0.0002353440718015092,0.37876320124982865,0.08151458336635437,0.02457794595979011,0.02831842438092641,0.36732329791593904
216,0.0187,0.00174,870,0.4,b,0.00023197734479213567,6.883820959705741e-07,0.33362520428248277,0.00011484977596618356,0.08617423140851689,5.5068347940036255e-06,0.0002743267454296901,0.2723638635439763,1.201270811538251,0.024560533704476962,0.028323442152573666,0.2582965264685236
217,0.0187,0.00174,870,0.4,b,0.00023008486677016592,1.69675100136052e-06,0.0880648795735504,1.5819858104220322e-05,0.031986091005112766,1.3379368150397129e-05,0.00023340027557965684,0.3745788928545282,0.08301779463975334,0.02416143717565723,0.028439685614575713,0.36321052342322785
218,0.0187,0.00174,870,0.4,b,0.00023014111594554378,4.781167250191598e-07,0.37482843864751964,0.00010850106880535052,0.09530393043091287,4.745761739733197e-06,0.0002579801015470321,0.26179356230996265,1.5043085657835737,0.02417325218167596,0.028436209906603935,0.2542601377173907
219,0.0187,0.00174,870,0.4,b,0.0002298351149228036,4.14487482909057e-07,0.09628430006862587,1.226638749765224e-05,0.026902807009543325,8.77188979641055e-06,0.00026078742378200846,0.37891425540730544,0.0991299720494727,0.024109012271989607,0.028455133505288978,0.27941011141347616
220,0.0187,0.00174,870,0.4,b,0.0002317582299910485,4.1508790343403256e-07,0.37734236080208855,0.00012863478521369322,0.09537284621932839,4.742063722501442e-06,0.00027117491904278594,0.2632742524499353,1.535267073899886,0.024514158185599547,0.028336828126412816,0.2527488459461626
221,0.0187,0.00174,870,0.4,b,0.0002318604265363691,3.924740799120465e-07,0.0967610693985506,1.1602700999707388e-05,0.03610067596698519,1.0155049110540074e-05,0.00023402623099807,0.379124490346105,0.10099633067190356,0.02453578257098334,0.028330582461378474,0.3730909155033166
222,0.0187,0.00174,870,0.4,b,0.00022894471399804826,5.945335880072127e-07,0.38019297331948293,0.00011864712761040514,0.09400181783783441,1.2606784652908287e-05,0.0002795790772920631,0.26077622184159094,1.5396302625581422,0.023922573355227614,0.02851041298778061,0.24724764641781796
223,0.0187,0.00174,870,0.4,b,0.00023217697878367223,4.739866765133353e-07,0.3758757060614099,0.0001458849390473725,0.0922586824916289,4.724918445937252e-06,0.0002986870245754669,0.26359435454752816,1.526108163546571,0.024602824274990536,0.028311262784468404,0.24544997456301643
224,0.0187,0.00174,870,0.4,b,0.0002322135842444185,4.0630660895264903e-07,0.09638812568952534,1.2438986429277645e-05,0.03570999868151648,1.0394682091715248e-05,0.00023322332894538115,0.37334805840359175,0.10037194468410311,0.024610582741983533,0.02830903124477019,0.3704813059291301
225,0.0187,0.00174,870,0.4,b,0.00023005966866648084,5.186136500795189e-07,0.41532421140447806,0.00015319555248590854,0.07404404492554907,6.033844866349712e-06,0.0005285157902134984,0.2563807279367499,1.8462590379610833,0.02415614531035891,0.028441243050803797,0.1782801071845982
226,0.0187,0.00174,870,0.4,b,0.00022974708108036175,4.130899404675059e-07,0.10460423728382195,1.1849924602729576e-05,0.03711375109117353,8.991268344688446e-06,0.00023186980986517525,0.3601255434253303,0.11695699541160488,0.024090546838499323,0.028460584662291104,0.3548016032130041
227,0.0187,0.00174,870,0.4,b,0.000230779591106524,4.00974745862563e-07,0.4183838425814523,0.00015654617451626868,0.1037044664074833,5.193013562982295e-06,0.00027257441389404267,0.2571453461242347,1.8794243713650556,0.02430756481971104,0.028396846831890855,0.2478691953485125
228,0.0187,0.00174,870,0.4,b,0.00022996024035294138,1.54038289338388e-06,0.10532648153739865,1.1085526914738866e-05,0.009845288914499633,1.2341268021555829e-05,0.00030631255352772956,0.3791731765497784,0.11868765612346072,0.024135269980129426,0.028447390981465658,0.09347401309521415
229,0.0187,0.00174,870,0.4,b,0.00022866881654734337,5.388475844665241e-07,0.4142782059204622,0.00016693302651117913,0.10239440854080831,5.887796163015761e-06,0.00028051691201139465,0.25887626024251836,1.8258654209489182,0.023864950709076165,0.02852760724095933,0.24716339666795586
230,0.0187,0.00174,870,0.4,b,0.00022829247666716353,4.1362325023406777e-07,0.10423878214661682,1.2313103756344783e-05,0.03888987838072154,8.024009326331831e-06,0.0002299263883622814,0.3770177645056716,0.11540587103092549,0.02378646215824391,0.028551111421842724,0.373084542814603
231,0.0187,0.00174,870,0.4,b,0.00023036776550489123,4.1500932438137906e-07,0.4170895976372945,0.00013441911962136982,0.10266981210155846,5.730129007556926e-06,0.00027592477746852547,0.2563817961178837,1.8644814760859185,0.024220888648545758,0.028422217843807402,0.24615769053737277
232,0.0187,0.00174,870,0.4,b,0.0002304018449140192,3.9398643092407606e-07,0.10504178683279383,1.2113120086994852e-05,0.038035465311242606,7.681973077896102e-06,0.00023338774404732467,0.3693571746569012,0.11827359563285977,0.024228055403209225,0.028420115759488575,0.3620984225238637
233,0.0187,0.00174,870,0.4,b,0.0002280704476598013,5.072934692816422e-07,0.4510672430559126,0.00013211886537409275,0.11260275966313811,9.204800578790317e-06,0.00024871269221038824,0.2535918683809982,2.158883662504983,0.023740216951520357,0.028565005446540066,0.2496363045568802
234,0.0187,0.00174,870,0.4,b,0.00022792402465309408,4.560854174329852e-07,0.11179884701612972,8.70446942634957e-06,0.012940125243542752,1.7486943191687494e-05,0.0003068082095997746,0.3704369546245021,0.13253860659928898,0.023709743927632837,0.028574179342235335,0.11574471104944242
235,0.0187,0.00174,870,0.4,b,0.0002296472525106789,3.385834931711661e-07,0.4563451678022646,0.00012577114321138893,0.1101425137963616,8.382007259566126e-06,0.0002917563456283848,0.2531899274972816,2.2249784672902915,0.024069615975444054,0.02846676995457573,0.24135790530401016
236,0.0187,0.00174,870,0.4,b,0.00022993758370863247,3.863582015537141e-07,0.11373234611622655,8.588192044265456e-06,0.04211383756466949,7.614968599891968e-06,0.00023074372404752712,0.3719364331586174,0.13837435369697948,0.024130514399002052,0.02844879246297326,0.37028900750567545
237,0.0187,0.00174,870,0.4,b,0.0002281173141351534,5.687802275326174e-07,0.45182568109139964,0.00014499128961596163,0.1107258118262835,9.064889760487463e-06,0.0002743175317602084,0.25396086302589915,2.1665949147928347,0.023749974766448877,0.028562070969828834,0.24506312159774027
238,0.0187,0.00174,870,0.4,b,0.00022793903148844363,4.6238012057840757e-07,0.11178854076564093,9.00507371630169e-06,0.04104272776246347,9.134838695711927e-06,0.00022890649558709482,0.36920888481384495,0.13252289632548098,0.023712866195566625,0.028573238706794502,0.3671461089067035
239,0.0187,0.00174,870,0.4,b,0.00023069043261999533,3.9029262139277597e-07,0.4530277556727292,0.00013318942357589387,0.11103668422353326,7.920867988513605e-06,0.0002768253248657262,0.25393693355278063,2.2027076043481046,0.024288786668303662,0.02840233378528629,0.24509907579205154
240,0.0187,0.00174,870,0.4,b,0.00023087800194629575,3.9162012116537283e-07,0.11305465123685676,9.425326991121202e-06,0.04122812629798347,8.619713193679544e-06,0.00023270640171255502,0.36850241628852376,0.13728942008074488,0.024328300083953314,0.02839079416473372,0.3646743043911382
241,0.0187,0.00174,870,0.4,b,0.00022836092096407113,4.817789603897962e-07,0.5146057605129631,0.0001493006314627979,0.12564774861174685,1.234885975395381e-05,0.0002856552895224733,0.25270629771737535,2.813511655988282,0.02380072712005384,0.028546832434032377,0.24416312107835747
242,0.0187,0.00174,870,0.4,b,0.00022880193589561583,6.729083042827366e-07,0.12736951437876579,6.403710941238724e-06,0.045068724222855336,8.560065823473907e-06,0.0002324692734170977,0.3600550571648079,0.1726904522075332,0.023892744716530332,0.028519307204080375,0.3538423180984421
243,0.0187,0.00174,870,0.4,b,0.00022785376641871652,2.0438176017445116e-07,0.04401623253037468,1.1253492417935036e-05,0.008351091211265952,6.096014602906323e-05,0.00023211012342785282,0.28124707236187174,0.02053806824651991,0.02369512898737905,0.028578584397036855,0.18972753303007112
244,0.0187,0.00174,870,0.4,b,0.0002308192622875781,3.4737510368783374e-07,0.518878638966772,0.00015319884474709154,0.126466166345094,1.2682616171088585e-05,0.00029312394794651345,0.2528725637670244,2.8912209294467854,0.02431592251445436,0.028394406427113068,0.24372976038659525
245,0.0187,0.00174,870,0.4,b,0.00023146230278164,5.792546481668405e-07,0.12811840355793952,5.468958139264108e-06,0.0458363855831094,7.502231285026849e-06,0.00023490229683821383,0.36346691341037046,0.1767587625348979,0.024451594927987066,0.028354936820136303,0.3577658190408267
246,0.0187,0.00174,870,0.4,b,0.00023082906067371423,2.42455890762433e-07,0.04410174935490466,9.938962517807114e-06,0.0022488920206782267,0.0003408632526666502,0.0002423961034949932,0.34537499039895286,0.020887177803670873,0.02431798700294417,0.028393803768353293,0.05099326111942819
247,0.0187,0.00174,870,0.4,b,0.00022210706294021286,4.12242784473667e-06,0.5201634726914344,0.0002010862340278878,0.12659145071376002,1.347559480357099e-05,0.0002942928538833881,0.25389509638439184,2.79588766750419,0.022514970997991463,0.028945938436890403,0.24336858960655086
248,0.0187,0.00174,870,0.4,b,0.00023014505518979624,5.030083931388967e-07,0.12893996916635198,1.1833817807008836e-05,0.04529582155268594,7.854116548246753e-06,0.00023383665160768826,0.3574407519611701,0.17801410632962933,0.024174079718809336,0.028435966543443946,0.35129387610018353
249,0.0187,0.00174,870,0.4,b,0.00022982802835334385,1.8954177586077052e-07,0.04372288757720719,1.5723655903101748e-05,0.004406213866704434,0.00014107479550822894,0.00024010872737315408,0.3401004256530845,0.020440819809524072,0.024107525575266235,0.028455572197921716,0.1007759119048075
250,0.0187,0.00174,870,0.4,b,0.00023100843851373462,3.5265852444366286e-07,0.5241741423554819,0.00020431215105994255,0.12660612908476196,1.3897480651509919e-05,0.0003039106698750426,0.25208077888746283,2.9529539689870647,0.024355796825260335,0.028382777746259105,0.24153448034622974
251,0.0187,0.00174,870,0.4,b,0.00023205896383239624,2.715870597119128e-07,0.12973985782698105,1.1329254590144767e-05,0.046023457300162246,7.51886968067789e-06,0.0002337547966025414,0.3575117165766081,0.18172841140746968,0.024577819529022518,0.02831846079905965,0.35473645548107796
252,0.0187,0.00174,870,0.4,b,0.00023205896383239624,2.715870597119128e-07,0.05516436260575148,0.0008850282247538982,0.0116882239196525,7.358189880225208e-05,0.00024035705730402967,0.3136780280828154,0.0328543745434394,0.024577819529022518,0.02831846079905965,0.21187997771651723
253,0.0187,0.00174,870,0.4,b,0.00023152256860228286,3.074160378702462e-07,0.5759250180308232,0.0002335975725901176,0.14447128365389175,1.2985134984567623e-05,0.00030112761600913605,0.2589274176971545,3.5727519692427694,0.024464329505122184,0.028351246154546348,0.2508508558073435
254,0.0187,0.00174,870,0.4,b,0.00023261394076817867,3.3703388234164015e-07,0.14401894132434587,1.4345617571198039e-05,0.04933196727149408,6.848329345525624e-06,0.00023832614618232267,0.35033651188973397,0.22446705732189293,0.024695517489530607,0.028284659132396212,0.3425380496332998
255,0.0187,0.00174,870,0.4,b,0.00023239366984810681,2.3517932538912977e-07,0.048747858849275814,1.2185678412360425e-05,0.00971783473663436,4.140359228884837e-05,0.00024305803707232678,0.3574754780866974,0.025692894295957634,0.02464876939859135,0.028298060556524177,0.19934895533937333
256,0.0187,0.00174,870,0.4,b,0.00022938350277521713,5.15586429845435e-07,0.5862497972354346,0.0002056716552512041,0.14930939404975743,1.4861710138662859e-05,0.0002789656028926216,0.26018308087366104,3.667796547829185,0.024014359844696506,0.028483131083323725,0.2546856216477217
257,0.0187,0.00174,870,0.4,b,0.00022984092228820073,6.360486046777088e-07,0.14670451578788254,1.3402386757770405e-05,0.05075210502853457,6.006495393168941e-06,0.00023298197916348318,0.3500618820146956,0.2301399245407028,0.02411023063770823,0.028454774016648116,0.3459478036921245
258,0.0187,0.00174,870,0.4,b,0.0002290342194495202,2.2682130225558793e-07,0.04952008227278594,1.1326876909449214e-05,0.01217850819810917,3.897609130300488e-05,0.0002358737599819551,0.3394172420639873,0.026130079752877067,0.023941281970421894,0.028504841578511783,0.24593069395609513
259,0.0187,0.00174,870,0.4,b,0.00022513134165252555,5.156470344295907e-07,0.5767789921560836,0.00021787583310225688,0.1418510533429909,1.3611121457744379e-05,0.00034330426151051784,0.2597195514233963,3.484435848855327,0.023132287029399123,0.028750859937311857,0.24593658103380472
260,0.0187,0.00174,870,0.4,b,0.00022575986034304788,6.197496332485982e-07,0.144196594509121,1.735957393557362e-05,0.04998674573362848,6.745854201524385e-06,0.00022874872485743165,0.3507011719162003,0.21839082121436737,0.02326162814773088,0.02871081064013023,0.3466569089498617
261,0.0187,0.00174,870,0.4,b,0.00022533668547430698,2.2507850355190155e-07,0.049249587655016795,1.1735130596603529e-05,0.01319922185304779,4.037877983110454e-05,0.00023225858672260488,0.3575174732583263,0.025428148870474333,0.023174504505444938,0.028737756973052832,0.2680067485134214
262,0.0187,0.00174,870,0.4,b,0.0002290497438932199,3.2290332087072524e-07,0.5815566016402001,0.00020715987259764732,0.14768385632395092,1.503373402501179e-05,0.000273245734875506,0.25894468605610177,3.6040552221580078,0.023944527666033843,0.0285038755671571,0.25394579978531584
263,0.0187,0.00174,870,0.4,b,0.00022848273306605587,1.93822882028965e-06,0.1451947327517066,1.662613671392947e-05,0.05054718286555402,6.2627785865343605e-06,0.00023428672206996675,0.3558071204533373,0.22409530333484354,0.02382612542231965,0.028539221764257106,0.3481337229498079
264,0.0187,0.00174,870,0.4,b,0.00022996882095701688,2.2304756479398212e-07,0.04965980206654041,1.1928554332166764e-05,0.00047917822973397503,0.00017678349607164106,0.000243686686620126,0.33050114097542843,0.026384968080579944,0.02413707115288305,0.02844686026152948,0.009649217471545943
265,0.0187,0.00174,870,0.4,b,0.00022518576812199093,6.021015930804248e-07,0.6226467218770103,0.00018769255381054199,0.16060096398971802,1.8852694853678903e-05,0.0002867242397250088,0.2639007436414545,4.06164533000207,0.023143473040994057,0.028747385245334527,0.25793272227560377
266,0.0187,0.00174,870,0.4,b,0.0002255925971941319,7.948011691931558e-07,0.15721580576984323,1.5091572532633828e-05,-0.021445139605807982,3.9654965995250326e-05,0.0003550381839781879,0.3483667168801852,0.25941489109556926,0.02322717231634133,0.028721452325272692,-0.13640574814216
267,0.0187,0.00174,870,0.4,b,0.0002255925971941319,7.948011691931558e-07,0.05214443397320446,9.06346500624957e-06,0.015255206970046061,3.0254672189459194e-05,0.00022721720172112149,0.3119491063054894,0.028537663020977416,0.02322717231634133,0.028721452325272692,0.2925567660372971
268,0.0187,0.00174,870,0.4,b,0.00022846090416684704,4.479027659503955e-07,0.6271058753196095,0.0002105704641485533,0.16126065384343966,2.116049048208072e-05,0.00029717177082001247,0.2637317715456993,4.179951827179258,0.023821573014890837,0.0285405851592706,0.2571506027770062
269,0.0187,0.00174,870,0.4,b,0.00022946402115603826,5.645428318958115e-07,0.158900619820128,1.678535643565354e-05,0.055007521178685466,6.295526927981133e-06,0.00023159673407538052,0.34856101715264093,0.26955253999004797,0.02403122188328431,0.028478133313285924,0.3461756237386158
270,0.0187,0.00174,870,0.4,b,0.0002290011708695253,2.567021493682079e-07,0.05307171674270228,1.045164146887879e-05,0.015824160621194436,2.4714226938996598e-05,0.0002317429880332526,0.32863620476195726,0.03000831579025474,0.02393437323609217,0.028506898359592754,0.2981656066999258
271,0.0187,0.00174,870,0.4,b,0.00022769286664571002,5.666724570925108e-07,0.6225891330482427,0.0002262041911677024,0.16053215506165167,2.1440190020597352e-05,0.0003009801955919493,0.2649418265493652,4.106105872022223,0.02366167599851282,0.02858868018033669,0.2578460601708133
272,0.0187,0.00174,870,0.4,b,0.00022839512936817852,6.926468152169572e-07,0.15778600219807806,1.898567215119109e-05,0.05388103475410611,6.749121416101951e-06,0.00023062879003191592,0.34404946165438494,0.2645461402532685,0.023807858339093182,0.02854469452034029,0.34148171576377273
273,0.0187,0.00174,870,0.4,b,0.00022778599540148757,2.641574924146163e-07,0.05256886877875382,1.1561397149101349e-05,0.014387137390557655,3.348402194817877e-05,0.00023250228550451062,0.3292203703208776,0.029286126154048017,0.02368103570109742,0.028582835439104053,0.2736817003064815
274,0.0187,0.00174,870,0.4,b,0.00023229281790770876,3.160271490288804e-07,0.6298819371121932,0.00020650460860686246,0.16227551256969064,2.2453619953464517e-05,0.00029928842997063715,0.2639800476223348,4.287772527143081,0.024627380375166347,0.028304202814056385,0.2576284586182481
275,0.0187,0.00174,870,0.4,b,0.000233486934178858,4.3012887649843897e-07,0.16034700558076065,1.788212756817072e-05,0.053396514304043026,6.631414796186801e-06,0.00024155981292981897,0.3421306010551001,0.279294212795705,0.02488122845051652,0.02823173230556237,0.333005996031209
276,0.0187,0.00174,870,0.4,b,0.00023316422096882,2.641323836290725e-07,0.05352408502460912,1.1343283595426512e-05,0.013937511387105132,2.964015237646676e-05,0.00023885352216016024,0.32675714382379084,0.031076926358647297,0.024812496963191977,0.028251262752048853,0.260397004090719
277,0.0187,0.00174,870,0.4,b,0.00022761194575195783,3.5181259193634654e-07,0.6699960080551539,0.0003138554172555383,0.1770607852938297,2.7699322979831685e-05,0.00029574956470486413,0.26984716055323427,4.753539725688352,0.02364486050704779,0.028593761671034886,0.26427140335924826
278,0.0187,0.00174,870,0.4,b,0.0002287535170561015,4.4279613659011614e-07,0.17241149090764227,2.2785179572854988e-05,0.05812796580075019,6.092666323316023e-06,0.00023128051248284237,0.33961125370224166,0.31635728581005623,0.02388263346846958,0.028522325296903458,0.3371467034751663
279,0.0187,0.00174,870,0.4,b,0.00022830261635365732,3.1334933534458423e-07,0.057194851777029154,9.233034165949281e-06,0.017719067312817173,2.514984029374376e-05,0.0002318831699798844,0.3427130769225028,0.034745807745789156,0.023788575172468542,0.02855047738939498,0.30980178743873554
280,0.0187,0.00174,870,0.4,b,0.0002337857194592376,2.0569972913476465e-07,0.679874745584334,0.00024138946253832904,0.17933260223021358,3.100259283303162e-05,0.00029215158932772143,0.2684280521336199,5.027515797734104,0.02494494851653177,0.02821368603029226,0.2637730014167272
281,0.0187,0.00174,870,0.4,b,0.00023550528247625463,1.8504855968059473e-07,0.17583757937328437,2.2936925424092055e-05,0.05803890741117937,5.9819131872434355e-06,0.00024198949236281734,0.33624633018487937,0.3387674632504111,0.025313252975510674,0.02811049493644245,0.3300711236928994
282,0.0187,0.00174,870,0.4,b,0.00023533480544787324,2.606196759908776e-07,0.05789632531662329,9.996786456099677e-06,0.017053820246610712,2.3873048769626585e-05,0.0002402084195347823,0.33954504259481,0.036699978423143736,0.025276618839616898,0.028120674744056093,0.29455790420802735
283,0.0187,0.00174,870,0.4,b,0.00022546017006608188,8.151780411406662e-07,0.6596157826238055,0.0003406001507017131,0.17485803843589862,3.083824146155846e-05,0.00030015364847716926,0.27136933492118576,4.563830992272855,0.02319991073991753,0.028729886056823365,0.26509074379686925
284,0.0187,0.00174,870,0.4,b,0.00022427865541831523,2.12080861107161e-06,0.17053520536108666,2.3360898502367933e-05,0.057760017571088555,6.056704636204375e-06,0.0002270756844967212,0.3414727716206399,0.30345457321007413,0.02295739152984965,0.028805462113490877,0.3386984960013919
285,0.0187,0.00174,870,0.4,b,0.00021983059722313896,4.58004129526803e-06,0.6690161619581657,0.00031798693512008984,0.17724386036934947,3.3644981670285545e-05,0.0002867190859473118,0.2704091522638298,4.577612272950681,0.022055805994427583,0.02909542791137939,0.2649321054525327
286,0.0187,0.00174,870,0.4,b,0.00023019356426477147,5.66349907487116e-07,0.17181330921048582,2.200339031199272e-05,0.058285174832519944,6.9256469742907065e-06,0.00023268993250461943,0.3416722265355079,0.3161436250862965,0.024184271428808503,0.028432970206174357,0.33923550567968913
287,0.0187,0.00174,870,0.4,b,0.00022969602938928895,3.0778614653149647e-07,0.05644162831408346,8.90532336946572e-06,0.01580409952411628,1.7500317043154772e-05,0.00023737263992968318,0.35451872671171913,0.03404318641025814,0.024079841792704292,0.028463747277369507,0.28000785937943606
288,0.0187,0.00174,870,0.4,b,0.00022650770243872026,6.10114555500862e-07,0.7004954403401383,0.0002619606714242112,0.18873224496789484,4.944062411442896e-05,0.0002753566786717307,0.2730274486036455,5.170960810873752,0.02341599427256897,0.02866337537794355,0.26942680008916614
289,0.0187,0.00174,870,0.4,b,0.00022756617225275452,7.614198662839042e-07,0.18277258355962678,2.8760205179056314e-05,0.06087681640442645,6.2921417388522234e-06,0.00023026242736403661,0.33544289816468553,0.35367751644567896,0.023635351347305013,0.028596637253782267,0.3330741143929079
290,0.0187,0.00174,870,0.4,b,0.00022550242563043122,1.77754802248999e-06,0.0593146231734911,9.540152685250231e-06,0.01857933564971961,1.8419385204165336e-05,0.00022911243559543728,0.3438708688038236,0.0369107113579813,0.023208607772185138,0.028727194169093306,0.3132336455274505
291,0.0187,0.00174,870,0.4,b,0.00022958964046672315,5.616622219455886e-07,0.7038529547970711,0.00030952505707296083,0.19025302241015166,4.854114759434186e-05,0.0002992499720554151,0.27535812629797984,5.291682884957615,0.02405754070943143,0.028470341382986816,0.27030222877305926
292,0.0187,0.00174,870,0.4,b,0.00023197735907464002,2.2560154941034436e-07,0.7237744910535975,0.0003142465334979793,0.1949278382778066,4.712025698035074e-05,0.00029386478367145874,0.273590620116496,5.653661353193437,0.024560536728789016,0.028323441280657342,0.2693212329078501
293,0.0187,0.00174,870,0.4,b,0.00023378313419268859,2.608597463566272e-07,0.18941916836482905,3.768417600920432e-05,0.0610865367097885,5.505743063529458e-06,0.0002404355613091006,0.3280854883640961,0.3902461918911144,0.02494439682342968,0.02821384202892176,0.322493954741335
294,0.0187,0.00174,870,0.4,b,0.00023368193821218737,3.386994997423327e-07,0.060979801095171635,8.662763663122807e-06,0.019511257588958757,2.361202752465477e-05,0.00023592437520964738,0.3379464274134449,0.040427305754436774,0.024922806503224378,0.02821995037086999,0.31996263088014
295,0.0187,0.00174,870,0.4,b,0.00023324893530332226,2.861323353754661e-07,0.7187430012796558,0.0004452792196534572,0.19408225490621675,5.992068355485009e-05,0.0003167390846123121,0.2758390746703025,5.605890026093233,0.024830530227545063,0.028246131958492616,0.27003011446465724
296,0.0187,0.00174,870,0.4,b,0.0002350178204013039,3.4077695283917986e-07,0.18908173906668405,2.7520874003412785e-05,-0.028715000766140746,5.7432777533513115e-05,0.0003903608895805078,0.329108822261145,0.39091075247398427,0.025208571836709652,0.02813963251867298,-0.15186554189674412
297,0.0187,0.00174,870,0.4,b,0.00023480741050736708,3.259690634169126e-07,0.06041285962270547,7.915863771550518e-06,0.01926893546778615,2.0686027190979674e-05,0.00023528524342234398,0.3229558800623974,0.03987018327086621,0.025163453908716663,0.028152237596300873,0.3189542026006686
298,0.0187,0.00174,870,0.4,b,0.00022408465658870885,7.361228039259063e-07,0.7375535534379318,0.00033883838599671397,0.20231531618386986,3.904319996994031e-05,0.00029148397732801787,0.2787017169602374,5.671225110751722,0.022917692871295595,0.028817928422113486,0.2743059337736558
299,0.0187,0.00174,870,0.4,b,0.00022477354086743723,8.437835209977739e-07,0.19513445481238234,4.4130919560270424e-05,0.06437494520601626,6.381792518088742e-06,0.00022590899608427033,0.33078598879356674,0.39819036931274915,0.02305881726470146,0.02877373404797829,0.3299004538583994
300,0.0187,0.00174,870,0.4,b,0.00022412022940323143,3.9447887019347143e-07,0.061813832812304896,9.826391118779042e-06,0.019873720962915967,2.5593253973954067e-05,0.00022594488569378413,0.3357641315960266,0.039840983503968155,0.022924969688542157,0.028815641311515504,0.32150928131671896
301,0.0187,0.00174,870,0.4,b,0.00023061408375177602,5.092231923204257e-07,0.7486347152415043,0.00032688352439367565,0.1994418984466244,3.44166038405849e-05,0.00042523714772792784,0.2789017535442967,6.013168817516976,0.02427271218715941,0.028407034943504415,0.2664074940504006
302,0.0187,0.00174,870,0.4,b,0.000231800641399168,6.163368437782727e-07,0.19789685769030435,3.659748723422952e-05,0.05432945386315089,5.804595060665699e-06,0.0002918191029922139,0.32471083740476847,0.4223476441439213,0.024523131114824046,0.028334235683716555,0.2745341916857161
303,0.0187,0.00174,870,0.4,b,0.0002312424870730269,3.88090807693989e-07,0.06249812067535663,8.964455218488541e-06,0.020700714386042138,1.758370733167068e-05,0.00023128572318228472,0.3315490686918197,0.04202223956309696,0.02440517447503922,0.028368410511964884,0.3312213897369965
304,0.0187,0.00174,870,0.4,b,0.00022681180974426052,5.414526026962278e-07,0.7423772523515408,0.0003955386537455512,0.2038428161017068,5.4388962858128015e-05,0.00028592245582101616,0.2783867051307422,5.815574475805484,0.023478912708702452,0.028644153130087308,0.2745811721143367
305,0.0187,0.00174,870,0.4,b,0.0002286057768305667,6.115438287572436e-07,0.19726149929713874,3.9207612480861167e-05,0.06289340986457001,5.577947121413738e-06,0.00023288520380282325,0.3221987175681775,0.4138562385174726,0.023851794281511175,0.028531540318119993,0.3188326667325613
306,0.0187,0.00174,870,0.4,b,0.0002283170985902041,3.944258232950297e-07,0.06286451100274985,9.196987709797751e-06,0.020146493450399476,1.9150099262509075e-05,0.00022955638737492002,0.32993445000563376,0.041978524194014974,0.02379159329556505,0.02854957189145691,0.32047482958259577
307,0.0187,0.00174,870,0.4,b,0.00023082524356772197,2.736846847632172e-07,0.7600127903811196,0.00032074689015412143,0.20769682562910796,4.755152945435637e-05,0.00029834852529734776,0.2774453155223563,6.203013850626934,0.024317182740550666,0.028394038538408686,0.2732806977168836
308,0.0187,0.00174,870,0.4,b,0.00023295503675998256,3.665677127539851e-07,0.20164565458034212,3.5655079979629036e-05,0.0647350752380654,5.984280444528745e-06,0.00023836380592791483,0.325073207297072,0.44068420611589115,0.024767995673596256,0.028263944151972503,0.3210338222898469
309,0.0187,0.00174,870,0.4,b,0.00023140942315329508,1.79109452479983e-06,0.06368239743672803,7.307690574583599e-06,0.020389376208859857,3.142350827399002e-05,0.00023362674199537542,0.3365084214680714,0.04366138373933412,0.024440423834128575,0.028358176344380464,0.32017287397381394
310,0.0187,0.00174,870,0.4,b,0.00022569616162204927,5.320687527722362e-07,0.771048131091817,0.00029265562354999935,0.19951860144713715,4.141370148504574e-05,0.000560102269005967,0.27927436022875307,6.2425897784418405,0.02324850334404512,0.028714861911720672,0.25876283645823184
311,0.0187,0.00174,870,0.4,b,0.00022831965946422598,5.349592386378692e-07,0.2064465647423458,2.7344153797561452e-05,0.06650534529785022,4.250922025104303e-06,0.00022917200507032427,0.32275157329761306,0.45272687428899033,0.023792127006051697,0.028549411782462848,0.3221431433400297
312,0.0187,0.00174,870,0.4,b,0.00022820110542470353,3.36095518720444e-07,0.06541653157957501,1.0045564598279956e-05,0.02133413632725251,1.9394816573060896e-05,0.00022824976693176007,0.32646947090130807,0.04543289568721649,0.0237674254935681,0.028556826752268238,0.3261275982096498
313,0.0187,0.00174,870,0.4,b,0.00022369390362848995,6.321922752449455e-07,0.7701499028491137,0.000287857240850316,0.21406482927861462,3.767550569355717e-05,0.0002741671857682164,0.28093948484607356,6.172801682978255,0.022837836011986974,0.028843087305181935,0.2779521603348872
314,0.0187,0.00174,870,0.4,b,0.0002257417287935555,6.134299864057192e-07,0.2059543783389558,3.3456356340116864e-05,0.06629359389736482,4.405913527129379e-06,0.00022591348686349053,0.32200823305893417,0.44548342571606253,0.023257891855331333,0.028711963641469922,0.32188484863507044
315,0.0187,0.00174,870,0.4,b,0.00022547686454281164,3.149028910287575e-07,0.06516578317004462,9.86064632334523e-06,0.021383863416856,1.5760997414129647e-05,0.00022775389984029863,0.3438020544909175,0.04454704196345645,0.023203346599203045,0.02872882244594343,0.32814557543268696
316,0.0187,0.00174,870,0.4,b,0.00021974537121170979,8.731031736385843e-07,0.7607667876096877,0.0003162764369565024,0.21012553267506673,4.3560191900311596e-05,0.0002970727901759967,0.28090760831236955,5.916985036170546,0.022038707701268794,0.02910106954759286,0.27620229497041593
317,0.0187,0.00174,870,0.4,b,0.00021353242450017096,4.769989616383e-07,0.7657703277098751,0.000304350945765713,0.2121025876691191,4.7100896088410355e-05,0.0002985213174342002,0.2820658540664668,5.825571616258122,0.020810107123095653,0.029521396861780444,0.2769793761837658
318,0.0187,0.00174,870,0.4,b,0.00022799270265379983,5.040971030328534e-07,0.7973118550476893,0.0002845692146224189,0.22194299270853515,4.955961277728679e-05,0.00028728405580872506,0.2816318463316781,6.743029132572888,0.023724034506590552,0.02856987533317564,0.2783640946806945
319,0.0187,0.00174,870,0.4,b,0.00022749423601554396,2.468025192057e-07,0.21301346734547547,3.3299198850685105e-05,0.06820017794066893,4.507206429751177e-06,0.00023118153711325403,0.3226486961750885,0.48024424251861664,0.02362041090609628,0.028601158185653727,0.3201683855512225
320,0.0187,0.00174,870,0.4,b,0.00022973807796016575,4.203735145738464e-07,0.06651305572066235,9.734391089704053e-06,0.020696441777423958,1.8250291009636015e-05,0.00023558026499847614,0.35033181727996565,0.04728511291311166,0.024088658798502395,0.02846114232246769,0.3111635986826957
321,0.0187,0.00174,870,0.4,b,0.00022773542662809617,4.0366407930598115e-07,0.7970881817924121,0.00027967826928281447,0.22171878005931134,5.986305534590387e-05,0.00027633274013032965,0.28084553071772644,6.731641529076967,0.02367052242963517,0.028586008679913812,0.2781609176047904
322,0.0187,0.00174,870,0.4,b,0.00022979687574566215,5.121381498095634e-07,0.2131518312768777,3.946708578744011e-05,0.0661531190915016,5.613346666868018e-06,0.00023732869461872482,0.3155532689672859,0.48573556405859625,0.02410099059001752,0.028457500934403874,0.31035679447468933
323,0.0187,0.00174,870,0.4,b,0.00022953933238859434,3.710215271022005e-07,0.06684657823859459,9.465563853086451e-06,0.021887582771079564,2.0178615076561446e-05,0.0002304847194577188,0.33370864035673153,0.047719196570031853,0.024046998804884954,0.028473461130861365,0.32743011456706894
324,0.0187,0.00174,870,0.4,b,0.00021001434405526373,4.81330756459e-07,0.7713153246081519,3.4723647996028e-05,0.21389143268345287,4.258564654009719e-05,0.00028101211313370734,0.28149743535417004,5.812868849189083,0.02013003684938951,0.029767635528668155,0.27730738111824144
325,0.0187,0.00174,870,0.4,b,0.00022211099526041775,9.63554113744288e-07,0.2068814715704577,5.5789875684896094e-05,-0.0367612547149738,8.283651095348977e-05,0.00037896072926894294,0.321677390297037,0.4422734790896369,0.022515768242869175,0.02894568220193402,-0.17769234932406217
326,0.0187,0.00174,870,0.4,b,0.00022011682998374676,2.00148663205e-07,0.0640285275731004,1.3113102926545026e-05,0.02182275437157068,3.18535986409653e-05,0.00022362546203929663,0.36463084982227884,0.04198343078609488,0.022113279379230848,0.0290765043838133,0.3408286149740984
327,0.0187,0.00174,870,0.4,b,0.000223832699031649,7.33469664355236e-07,0.7805905939172503,0.00034720005481958364,0.21724777798862235,4.409556614959505e-05,0.00029326455940313764,0.282300003393815,6.34523637392104,0.022866185197943558,0.028834143328864255,0.2783120622789014
328,0.0187,0.00174,870,0.4,b,0.00022519111042331306,9.499546807175812e-07,0.7744461325943677,0.00032438821809819114,0.1792911405007648,7.431888033984815e-05,0.0009598425198405229,0.2786194411596506,6.283640340941511,0.0231445711643281,0.028747044250290874,0.2315088589830589
329,0.0187,0.00174,870,0.4,b,0.00022675804091807513,8.686594079966885e-07,0.20800159483154396,5.1636834458513334e-05,0.06305426808424136,6.041695340875029e-06,0.0002414762191859127,0.3139590931038725,0.45642946433962867,0.023467782036632516,0.028647548977032145,0.3031431952976498
330,0.0187,0.00174,870,0.4,b,0.00022635888591857991,4.656940519597716e-07,0.0646266200073826,1.0787020534883501e-05,0.017387642368604815,2.6830459708543983e-05,0.00023650129661014328,0.34645584614057184,0.043984339979734194,0.023385235565304065,0.028672795999769393,0.2690476829303241
331,0.0187,0.00174,870,0.4,b,0.00023251831922232257,2.5428476335607665e-07,0.8196548953850246,0.00038360119587745284,0.2277939626889039,4.922485817499195e-05,0.0002930732947451048,0.2810780723507921,7.267698379581957,0.0246752182917238,0.02829047446951054,0.2779144783633605
332,0.0187,0.00174,870,0.4,b,0.00023059204796437884,2.258728081765702e-07,0.8208252046100663,0.00030748081927490264,0.22818121824075563,4.756145660971414e-05,0.00028337423855427396,0.28074097126510456,7.228086475403296,0.024268073764713006,0.028408392224542733,0.2779900238920579
333,0.0187,0.00174,870,0.4,b,0.000224315349517805,7.439305663703427e-07,0.7967188074694295,0.00032976766851035906,0.22235770772498875,4.791735064157067e-05,0.00027116803942922813,0.2816743346998356,6.624403490525099,0.02296490423514568,0.02880310598020625,0.27909182717959213
334,0.0187,0.00174,870,0.4,b,0.0002204571068316408,1.0064669439230574e-06,0.7831246789587313,0.0003523972424071701,0.21792282807511176,4.4208651220445713e-05,0.00027345709066662276,0.2813035505937175,6.290187197308022,0.022181701708794816,0.029054055839884334,0.27827347794079127
335,0.0187,0.00174,870,0.4,b,0.00022800067389751162,2.5702648421318165e-07,0.8184508593685523,0.00023998915234775054,0.22790219592856267,4.262736337633575e-05,0.0002787216460126844,0.2811104755668897,7.105571187538719,0.023725693448868775,0.02856937590607802,0.2784555643382094
336,0.0187,0.00174,870,0.4,b,0.00023085092362778146,2.2363410861396672e-07,0.21965383436587826,5.104797082738656e-05,0.06856517167677668,4.54663424450379e-06,0.00023817137845867487,0.31688347365817954,0.5181873900580423,0.024322593773075364,0.02839245920555876,0.31215103471659594
337,0.0187,0.00174,870,0.4,b,0.000230960721102581,3.107717383933722e-07,0.06827777425366492,9.66109096631607e-06,0.022777005951861155,1.9054668081851885e-05,0.0002355882489093491,0.36160752409164176,0.05009270493864165,0.024345735932712612,0.028385709592684088,0.3335932695644156
338,0.0187,0.00174,870,0.2,b,9.143975742284873e-05,7.805718760522019e-07,0.18056828901160618,5.115347046001645e-05,0.07477252744683133,2.8966665919248804e-05,0.00010361532793039824,0.42284960032003305,0.13870613712880736,0.0038160739665087182,0.04511295611957352,0.41409556382308776
339,0.0187,0.00174,870,0.2,b,9.16982706172234e-05,8.02700944750643e-07,0.07072005936752512,2.0261032312934532e-05,0.029832395975593982,4.679447993480982e-05,0.00010149073663026691,0.46514792563081303,0.02133654148247322,0.003837681634650131,0.04504932064735838,0.4218378242664925
340,0.0187,0.00174,870,0.2,b,8.060248428911417e-05,4.2015466820082e-06,0.09696257949458766,5.3327661885949484e-05,0.02559563822050174,0.00043072813375491287,0.00014041815957779652,0.44103136444170976,0.0352561101786332,0.0029651284285474194,0.04805013419361107,0.26397439459549915
341,0.0187,0.00174,870,0.2,b,8.48113545300409e-05,1.4649368373471e-06,0.19990549989802264,2.42052484967317e-05,0.08339455185505443,2.3503377461439145e-05,9.152035638229937e-05,0.42109925160930134,0.15768164103520407,0.003282877310246952,0.04684268913434827,0.4171698722526209
342,0.0187,0.00174,870,0.2,b,8.443282674806234e-05,3.52740011537131e-06,0.07618789763837967,1.771881137239703e-05,0.033021932072582104,2.7146984995874484e-05,9.2130853317819e-05,0.46247093920414817,0.022801370668450432,0.0032536386034841837,0.04694757387649627,0.43342752715553734
343,0.0187,0.00174,870,0.2,b,8.67400190843095e-05,2.821028653313657e-07,0.08730617088881888,2.772130877474488e-05,0.03715661025591399,3.5655717108539186e-05,9.519547019676157e-05,0.45043421703721864,0.030760050333525767,0.0034338844745426264,0.046318987987054173,0.4255897364142969
344,0.0187,0.00174,870,0.2,b,9.34204186792047e-05,4.55290614632803e-06,0.11728535130206638,1.835339291460121e-05,0.05185557653708216,1.64698702351427e-05,9.986734491445232e-05,0.4524110290972258,0.05978703297892358,0.00398318311348723,0.04463216089982579,0.4421317407621436
345,0.0187,0.00174,870,0.2,b,7.668661099215939e-05,1.654698815665e-06,0.10423716428746567,1.9947581371056044e-05,0.04422640625102295,3.862221738146537e-05,9.446584081209426e-05,0.46056864055427515,0.038765230244153376,0.0026840199794777113,0.04926166040292369,0.424286352697155
346,0.0187,0.00174,870,0.2,b,8.538729655800821e-05,5.495898465638524e-07,0.10584156903448959,1.812596389736464e-05,0.04630064658505068,2.778298877569192e-05,9.107660653095908e-05,0.44869685810406723,0.04450240158316247,0.003327615822565374,0.04668444357732824,0.43745238290981053
347,0.0187,0.00174,870,0.2,b,8.449825858194701e-05,5.495262436104716e-07,0.11535509453392752,1.9333137778264725e-05,0.04982633738066256,2.6839355072886236e-05,9.154614036288818e-05,0.44380484239161205,0.05231171564640311,0.003258683419339614,0.04692939326060283,0.43193876769792733
348,0.0187,0.00174,870,0.2,b,8.123103026123248e-05,9.83282334384302e-07,0.11030881146501698,1.7717000255879878e-05,0.047675139973575795,2.2193416610600323e-05,8.747077888010008e-05,0.4436838651256202,0.04598540524737486,0.003011553455758456,0.04786387305220293,0.43219702343266886
349,0.0187,0.00174,870,0.2,b,8.281318078246038e-05,5.915721638958466e-07,0.29821122478027723,3.664943576072833e-05,0.10464914356821109,3.706602463792249e-05,9.242703215881607e-05,0.3539320693034735,0.34262976215442775,0.003130008991505046,0.047404447124259896,0.35092288576768643
350,0.0187,0.00174,870,0.2,b,8.21895893174054e-05,7.37305566286957e-06,0.09820798874439003,1.8676613570988754e-05,0.04433346226850273,7.84131849762788e-05,9.049136428166833e-05,0.46975709705122665,0.036879760361607304,0.0030830479142000024,0.047583941565294545,0.4514241950712508
351,0.0187,0.00174,870,0.2,b,8.66527323961204e-05,5.851081609191597e-07,0.3299640997006746,5.366725782578295e-05,0.11309111171790104,2.8438737294922727e-05,9.732269038146021e-05,0.34553126295342323,0.4389280035996074,0.0034269768995650552,0.04634231104513814,0.3427376245491286
352,0.0187,0.00174,870,0.2,b,8.527146538247975e-05,6.245858188653402e-07,0.10397455986336498,1.9361270326809016e-05,0.046422363929177604,0.00013467510296543412,9.224694185367964e-05,0.46043702750691506,0.04288797624645691,0.0033185938664970784,0.04671614045760198,0.44647809993311965
353,0.0187,0.00174,870,0.2,b,8.398408544646432e-05,6.248883003422859e-07,0.2837068286012908,3.991934375937967e-05,0.10360885440296055,2.9207056923963573e-05,0.00010185201159272355,0.37111215478112686,0.3144953448840093,0.003219145807683366,0.047072831231287984,0.3651969003134849
354,0.0187,0.00174,870,0.2,b,8.234347394469964e-05,6.365428103379102e-07,0.09576652589279612,2.127744164843108e-05,0.03978323531847843,7.452476070254015e-05,0.00010379241467450968,0.4673956097388655,0.0351345420383919,0.0030946035826805674,0.04753945800739701,0.4154190093834349
355,0.0187,0.00174,870,0.2,b,8.533078386158428e-05,7.292142737549105e-07,0.2674976189880654,3.3147399565533e-05,0.09607606562930769,3.384784553236818e-05,0.00010040810475633828,0.3648758425713383,0.284068594577912,0.003323212584143225,0.0466999000573747,0.35916605909525573
356,0.0187,0.00174,870,0.2,b,8.460077344791453e-05,8.342698078161798e-07,0.0929753223151626,2.1772176039867404e-05,0.04012664844415099,1.8831003640372383e-05,9.50835473835349e-05,0.4583198824480857,0.03402415630103976,0.0032665952070050617,0.04690095132936386,0.43158385951201
357,0.0187,0.00174,870,0.2,b,8.208325320311793e-05,5.662872163790321e-07,0.3732016456116059,5.354986151718173e-05,0.1194152708350623,4.203913464210916e-05,9.215431474632607e-05,0.3221844453713984,0.5318869154775845,0.003075075438358196,0.04761475329351948,0.3199751990358016
358,0.0187,0.00174,870,0.2,b,8.1448851127712e-05,6.280433692766296e-07,0.11165768000710694,1.9724272640923956e-05,0.04809604983475134,3.002865195369688e-05,9.490855875678511e-05,0.454668309780793,0.0472432546144785,0.003027726060847672,0.04779982837901452,0.43074555938910836
359,0.0187,0.00174,870,0.2,b,8.690939530997149e-05,5.564624399791449e-07,0.29010683113132485,3.7061665396096346e-05,0.10206655304860732,3.566286140525553e-05,9.332075787141692e-05,0.35394176604334154,0.34029869590332146,0.0034473081804060816,0.046273830835328635,0.3518240251378434
360,0.0187,0.00174,870,0.2,b,8.595416303172188e-05,4.655462638790582e-07,0.09755275774598328,2.011640922215278e-05,0.042155526184634654,2.2334639260995186e-05,8.97566628373038e-05,0.44110805883933357,0.03805604606103116,0.003371945021960251,0.04653024730796373,0.4321305430893408
361,0.0187,0.00174,870,0.2,b,7.988153429724793e-05,4.813091564782156e-07,0.29536208741301534,4.183876216563935e-05,0.10371839024403527,4.354840779065511e-05,8.973199527292435e-05,0.3542970941769156,0.3242153264941292,0.002912322390358436,0.048266479137348856,0.3511567484929173
362,0.0187,0.00174,870,0.2,b,7.89130472823641e-05,5.35401380935201e-07,0.0984871009167611,2.2573722885324495e-05,0.042372080338469856,4.3803745564648085e-05,8.919962740978611e-05,0.45376725526348277,0.03561108186233371,0.0028421322461065534,0.048561759249259345,0.43022974525650526
363,0.0187,0.00174,870,0.2,b,9.072923732726662e-05,4.7209943884862074e-07,0.26649252558696285,4.422979431987795e-05,0.09589556344525772,3.039745325116214e-05,9.93658598539719e-05,0.3631435676228177,0.29977469633224235,0.0037569998165909767,0.04528925624393247,0.35984335108102206
364,0.0187,0.00174,870,0.2,b,9.064905522059649e-05,5.089985353697385e-07,0.09412547516372435,1.8230845704206304e-05,0.040068732266254015,2.115079650931622e-05,9.562253412180852e-05,0.43844055659677567,0.03736416587178652,0.0037503622418372847,0.0453092817439247,0.42569487374759485
365,0.0187,0.00174,870,0.2,b,8.033689304590932e-05,3.9467363251694047e-07,0.4792783178254127,7.528552179631081e-05,0.1368818977696308,4.208010556372488e-05,0.000101986475630792,0.2888191919921675,0.8585552385691043,0.00294561998047209,0.04812949477348585,0.2856000212792704
366,0.0187,0.00174,870,0.2,b,8.025949534406835e-05,4.303795005603814e-07,0.12843102623315086,3.7490888486558836e-05,0.05351843991521179,2.1826476030132217e-05,8.900558165113637e-05,0.4290107475674766,0.06159053497134807,0.002939947010389925,0.048152695857864206,0.4167095871215386
367,0.0187,0.00174,870,0.2,b,8.552590108673262e-05,5.708220900369794e-07,0.30879166401597663,5.171799118655697e-05,0.1062111385059905,3.755378678566115e-05,9.254172652171843e-05,0.34604942492720764,0.3794079618362369,0.0033384276641436773,0.04664659949171897,0.34395727243626373
368,0.0187,0.00174,870,0.2,b,8.462493937139062e-05,4.608173039487789e-07,0.10158313878590201,2.1765542129411732e-05,0.044229579006079406,2.7132798071758707e-05,9.289060221986335e-05,0.453090777648589,0.040627422664821056,0.003268461657182642,0.04689425421539278,0.435402760090907
369,0.0187,0.00174,870,0.2,b,8.332654405984647e-05,5.303015325372143e-07,0.3048267879459548,3.722360878352515e-05,0.10519599442146056,3.7367257184832455e-05,9.922141036203915e-05,0.34992975716741126,0.3602195469635274,0.003168935454081769,0.04725819540613852,0.34510088542517336
370,0.0187,0.00174,870,0.2,b,8.263280908032433e-05,4.729778475474434e-07,0.1009414167086747,2.182116575703492e-05,0.043021872594052525,2.4969213696883713e-05,9.076247070301438e-05,0.44419153099136494,0.03917138743029262,0.003116389173568559,0.04745615636670108,0.4262063481654633
371,0.0187,0.00174,870,0.2,b,7.81681310641072e-05,5.167187734353133e-07,0.32668755092115803,3.432133227511445e-05,0.11212512128271217,3.969947236389576e-05,8.109938765657499e-05,0.34400236098328235,0.38812582871102125,0.002788727699328822,0.048792599280770226,0.34321822477334674
372,0.0187,0.00174,870,0.2,b,7.816917721511138e-05,4.0927413397411555e-07,0.10624746485425908,2.6300748445377478e-05,0.043403880755095485,1.9913438144229252e-05,8.542953353246952e-05,0.4236801569101671,0.04105351424255063,0.0027888023448337305,0.04879227277997197,0.4085168602811663
373,0.0187,0.00174,870,0.2,b,7.951844282444671e-05,5.8815779324351e-07,0.4642913274193404,0.0001671131733645608,0.13567360839615228,3.8454496513649275e-05,9.65237222185911e-05,0.294852951703787,0.7974925890082347,0.002885907369508498,0.04837654911859059,0.2922165467751976
374,0.0187,0.00174,870,0.2,b,7.906319165456071e-05,5.770546280427993e-07,0.12561067935522308,4.045736211654699e-05,0.053314099644834814,4.962028592476534e-05,9.059365578679473e-05,0.44100656721898035,0.058037021646885394,0.0028529577340790434,0.04851562691129128,0.4244392269710142
375,0.0187,0.00174,870,0.2,b,8.027753435448119e-05,5.410487495491379e-07,0.40513004984726325,5.260573587986723e-05,0.13060818093391338,2.5152888943243938e-05,9.63639868297798e-05,0.32535453531679887,0.6130001574563435,0.0029412687155514075,0.048147285404047155,0.32238581409390277
376,0.0187,0.00174,870,0.2,b,8.070253674095465e-05,5.725475708344085e-07,0.11906867661400972,2.7881207765378055e-05,0.05013540579814321,2.0773427314084866e-05,8.799285800594213e-05,0.43287763701768195,0.05323041912032866,0.002972494268452278,0.048020339438000055,0.4210629295954083
377,0.0187,0.00174,870,0.2,b,7.962117906408676e-05,4.513832728872448e-07,0.4769496178370262,9.582066746772947e-05,0.14271400496644288,2.5019520227847104e-05,9.774711264121826e-05,0.3018234294444165,0.8426578304961462,0.002893369256043765,0.04834532860001343,0.299222390854726
378,0.0187,0.00174,870,0.2,b,8.224425599284733e-05,5.293855306819568e-07,0.4057952737221855,6.603713664312008e-05,0.12907892198408705,2.5910290852678335e-05,0.00010468287528995873,0.3222638290544821,0.6300821716645826,0.0030871505269885018,0.047568124726432966,0.3180887761459162
379,0.0187,0.00174,870,0.2,b,7.822750139097765e-05,1.365049263491e-07,0.4555985196333129,0.0039316824206631,0.1392818148912731,8.300004002604545e-05,0.00011759333611758724,0.31173805744726907,0.7554430213018166,0.0027929655018414158,0.04877408033053502,0.3057117371745932
380,0.0187,0.00174,870,0.2,b,7.352909109303772e-05,4.50505046647117e-07,0.571602882650466,0.00037064434462226025,0.1588977695810919,6.027957394710909e-05,0.00010265490384473972,0.2811145244126279,1.117701063899938,0.0024675448133343754,0.05030825109852909,0.27798629853701695
381,0.0187,0.00174,870,0.2,b,7.596127946596033e-05,7.5455499727995e-07,0.3623682065636975,0.0054194573044538,0.11009499901136723,5.0535682693754e-05,0.0002780587066829792,0.35000541221476206,0.464055677548964,0.002633487103654489,0.049496294048859725,0.30382080165196446
382,0.0187,0.00174,870,0.2,b,7.871458877558211e-05,3.733803739210383e-07,0.38111072501129195,4.3537183318468065e-05,0.12778872202050065,2.621014770718034e-05,8.201557038352875e-05,0.33597028482475616,0.5319064029315611,0.002827854858983661,0.048622938678699885,0.33530602429704487
383,0.0187,0.00174,870,0.2,b,7.949788078486373e-05,3.3584072957495587e-07,0.1166167193115559,2.4786077472462974e-05,0.049825702928697924,1.9324175501611165e-05,8.537742032009604e-05,0.43707420832616456,0.05029847719795003,0.0028844150749586964,0.04838280498475657,0.42726037246496734
384,0.0187,0.00174,870,0.2,b,8.39988009176765e-05,6.165482919585297e-07,0.471492973671816,0.00020542909064577707,0.1408105755797717,3.65526178268489e-05,0.00010360416030847895,0.3015312845224762,0.868762733077444,0.0032202740070878563,0.04706870778413246,0.29864830112565643
385,0.0187,0.00174,870,0.2,b,8.277426186422332e-05,6.416169267514786e-07,0.42132990386259217,0.00016572351460174685,0.1295196945509096,3.080540010782356e-05,0.00010144682031929046,0.3107454282351315,0.6836243622141024,0.0031270677220503916,0.04741559015923359,0.3074068404913165
386,0.0187,0.00174,870,0.2,b,8.80801827376599e-05,6.095768282061296e-07,0.41822982776619977,0.0001072099688728637,0.12862896095728785,2.572610792133497e-05,0.0001014581851847912,0.30998561727675344,0.7167799675031001,0.0035408136224308784,0.04596525938509165,0.30755568450080617
387,0.0187,0.00174,870,0.2,b,8.88856690816115e-05,6.580409516391916e-07,0.4238694655100892,0.0001634202130828469,0.1291205511138934,3.621216649763815e-05,0.0001125111312696031,0.3088290443861882,0.7429740689261701,0.003605870663420397,0.045756515666608176,0.3046233843678933
388,0.0187,0.00174,870,0.2,b,9.362831954182053e-05,6.807886177015606e-07,0.4420014380373577,0.00010798660218316684,0.13028340215093873,2.567164986901061e-05,0.00010802422823565097,0.297200173830499,0.8510052500741936,0.004000931452992324,0.04458258070045746,0.29475786940749105
389,0.0187,0.00174,870,0.2,b,8.626855845983737e-05,6.326093168024074e-07,0.43787775038840465,0.00018108418044917926,0.131417912017623,3.473346781209103e-05,0.00010424592262878957,0.3031738700240848,0.7695484071443317,0.0033966573308170283,0.0464453829614275,0.30012466242245284
390,0.0187,0.00174,870,0.2,b,9.270300348470289e-05,4.768742124914157e-07,0.46706588058283677,7.219118973773412e-05,0.1385706398517125,3.468180764637943e-05,0.00011558272137072908,0.30013118026723484,0.9408659185573288,0.003922240895940779,0.04480452899260329,0.29668328519050585
391,0.0187,0.00174,870,0.2,b,8.466313349697256e-05,9.981328417175888e-07,0.437420135934101,0.00043003834295671657,0.11583517469601284,0.0007451563266687356,0.00023476718120603,0.2924357247904682,0.7536496933335841,0.0032714126597429964,0.046883675306903,0.2648144545258517
392,0.0187,0.00174,870,0.2,b,7.620392014137782e-05,6.096692578116133e-07,0.4919144719751042,0.00036815154379637804,0.1452681440298775,9.41768646436042e-05,0.000114182348022213,0.30048026255027416,0.8578950429847632,0.0026503381005937516,0.04941743072037008,0.29531179159378246
393,0.0187,0.00174,870,0.2,b,8.416888296268735e-05,4.181934030396775e-07,0.4869346198041302,0.00012866315548996885,0.14280430109834896,3.2663880242950424e-05,0.00010049630176576115,0.2955664754626504,0.9284756432304031,0.0032333281290320612,0.04702112731179989,0.2932720231635863
394,0.0187,0.00174,870,0.2,b,8.920356086476615e-05,4.4129053598437377e-07,0.4855399184658925,5.715355535170049e-05,0.14015705143814883,2.4240265109398395e-05,0.00011140714772937341,0.29184546498165786,0.9783848502325077,0.003631708944118259,0.04567491240831901,0.2886622625818033
395,0.0187,0.00174,870,0.2,b,8.60441729699838e-05,6.665952708298351e-07,0.47201122131378825,0.00015753898869919972,0.13655735165225327,2.3682867340477158e-05,0.00012393189356406565,0.29501953477916715,0.8918745216967738,0.0033790108223216383,0.04650590352952662,0.28930954495565125
396,0.0187,0.00174,870,0.2,b,8.187083855337951e-05,5.082079593140449e-07,0.4559480291846967,0.00014438427600041163,0.13658722619566613,2.9096219724175622e-05,0.0001010622994895399,0.30257552477092065,0.7918402441409133,0.0030591807001665015,0.04767648174015283,0.29956753281707243
397,0.0187,0.00174,870,0.2,b,8.077169240634015e-05,5.19644128918959e-07,0.4893460088888936,0.00014944822370565808,0.1422187407298405,2.5491880723586963e-05,0.00010364277245549095,0.2938364488512839,0.8998475321499507,0.0029775908342767822,0.04799977784299966,0.2906302251299885
398,0.0187,0.00174,870,0.2,b,8.157158661579254e-05,4.6385758579459663e-07,0.12922612511404993,2.5475755921791944e-05,0.0548603983266056,1.9253440014822247e-05,8.753862585202416e-05,0.43270840150866,0.06337488727834605,0.003036857912809281,0.0477638541875357,0.42453024323207056
399,0.0187,0.00174,870,0.2,b,8.903302067035162e-05,2.8598066295263105e-07,0.13123385193971068,2.2555551696462616e-05,0.05555003889958738,1.8696049560898505e-05,9.444711730239444e-05,0.4305144183294217,0.07133793057841459,0.003617835948430473,0.04571863597208496,0.42329047024472977
400,0.0187,0.00174,870,0.2,b,8.783140025155528e-05,2.9891546531747916e-07,0.49166374582580474,7.35171868454929e-05,0.14330670824601452,2.4912908040869287e-05,0.0001083254642250688,0.294312569093621,0.9877881771488443,0.0035208398133828806,0.046030311662863845,0.29147300256055025
401,0.0187,0.00174,870,0.2,b,8.518017920810251e-05,3.474149801595686e-07,0.4807420719018296,7.617385274971676e-05,0.14201772509677077,2.6011765867213316e-05,0.0001046299131959137,0.2981951145714221,0.9158839684476405,0.003311492321284828,0.046741166207941116,0.2954135562442965
402,0.0187,0.00174,870,0.2,b,8.630400288885238e-05,3.381804872854967e-07,0.12951943070383531,2.3111182714276722e-05,0.05467241546601343,2.1026946652933907e-05,9.393527872717951e-05,0.43256044304242824,0.06735633357228227,0.0033994490156240547,0.04643584459076825,0.42211747819545103
403,0.0187,0.00174,870,0.1,b,6.59987656327208e-05,3.350706017783188e-07,0.1580107425621121,4.0465917677509326e-05,0.06716165328418597,2.6734142678108665e-05,7.73973128456469e-05,0.4354542357401195,0.07666315480932888,0.001988008695134805,0.053100781427402904,0.4250448557811539
404,0.0187,0.00174,870,0.1,b,6.519888912127451e-05,3.18282699889576e-07,0.1400078068857994,2.7146843027981046e-05,0.0600435011892046,2.5641650975891462e-05,7.035510968213708e-05,0.4348336390204356,0.05945964990490373,0.0019401130895165776,0.05342551541241362,0.4288582367280453
405,0.0187,0.00174,870,0.1,b,6.603533278113154e-05,3.8722450310669653e-07,0.14412322835706393,5.9636424058683584e-05,0.06012230725495994,5.504429810858674e-05,7.612411064770803e-05,0.4284287005499186,0.0638148834454917,0.00199021224991797,0.053086077079301214,0.4171590377229651
406,0.0187,0.00174,870,0.1,b,6.800425431628489e-05,3.439769754202278e-07,0.13301030343557504,4.521309735560534e-05,0.05505155685168667,6.840216936931881e-05,8.357664855637033e-05,0.4342512065757869,0.05597373628661729,0.002110662621447382,0.05231193410466297,0.4138894163063952
407,0.0187,0.00174,870,0.1,b,6.750925080980942e-05,3.365075209565646e-07,0.13573302648937766,5.419413229199165e-05,0.05636529660175088,7.423766496849524e-05,7.593265034441716e-05,0.42592984830169467,0.05786447273079627,0.0020800473927835832,0.05250336932639444,0.41526589408335324
408,0.0187,0.00174,870,0.1,b,6.692115194142108e-05,3.8861037646404835e-07,0.13861181011420454,5.234125187111164e-05,0.0576963924763497,3.219686446912994e-05,7.442677216273617e-05,0.42535154845440776,0.05981932718858431,0.0020439650691949306,0.05273356285248998,0.4162444197851013
409,0.0187,0.00174,870,0.1,b,6.595327398492009e-05,3.4712125263383834e-07,0.1484462087569013,5.186953894877444e-05,0.06066345387139228,3.2603821479651175e-05,8.798024324080171e-05,0.43198558924605207,0.06761642826882011,0.0019852690492634336,0.05311909155435778,0.4086561346321485
410,0.0187,0.00174,870,0.1,b,8.995535612246947e-05,2.9918535805687447e-07,0.13713368855764901,2.0417441534877987e-05,0.05962131750020052,1.9818462565041885e-05,9.573648315265087e-05,0.44164979868140447,0.07870330833312376,0.0036931819803220998,0.045483649596903826,0.4347678395242507
411,0.0187,0.00174,870,0.1,b,9.015870421357869e-05,2.458285912121661e-07,0.13737315364097913,2.090479987770834e-05,0.05864374668161776,2.09900049642152e-05,9.958823238558221e-05,0.43822585834263084,0.079156948546888,0.00370989805759445,0.0454323276837559,0.4268937934909869
412,0.0187,0.00174,870,0.1,b,8.7430968488715e-05,2.568050012754219e-07,0.1335622172533652,2.281226591043477e-05,0.056844595024470396,2.40291461392046e-05,9.54588265732082e-05,0.43585324327212077,0.07256215554904163,0.0034888093036866364,0.04613560011398869,0.4256038585870223
413,0.0187,0.00174,870,0.1,b,8.837066073842312e-05,2.954016850605184e-07,0.13305735567456123,2.2171357914492848e-05,0.058306561552747056,1.7081960413597908e-05,9.612117074632686e-05,0.4478993992428896,0.07278862653994005,0.003564206499524591,0.045889652352918614,0.438206225106084
414,0.0187,0.00174,870,0.1,b,6.772926148543575e-05,3.0161016090002694e-07,0.17121316033285292,3.163402618159337e-05,0.06928339314637039,3.735671804941395e-05,7.765671677537002e-05,0.41278992733823283,0.092369432138373,0.0020936271120786517,0.05241802439911445,0.4046616101920997
415,0.0187,0.00174,870,0.1,b,6.847663898005177e-05,3.400293748684578e-07,0.17213604224563894,3.581135522267706e-05,0.07196224643328349,2.9907186477397255e-05,7.790910076856626e-05,0.4254588722206161,0.09439819904729556,0.0021400874742792137,0.05213118545008886,0.41805449628377667
416,0.0187,0.00174,870,0.1,b,6.642861927474898e-05,3.5530073900003906e-07,0.1635249528431683,3.181393494750182e-05,0.06567802962945525,3.652989653238289e-05,7.825721252860164e-05,0.4123019841193772,0.08264202245280189,0.002013989049304267,0.052928697391619296,0.4016391901512732
417,0.0187,0.00174,870,0.1,b,6.783960911262412e-05,3.3929164019654604e-07,0.16817547681161363,3.2508383885368515e-05,0.06838751963829888,3.3850286290069284e-05,8.030938002726777e-05,0.41714448588047964,0.08926605010732738,0.002100454736614754,0.05237537557827224,0.40664382783290715
418,0.0187,0.00174,870,0.1,b,7.086613119725778e-05,3.9352498966186624e-07,0.19396098419550492,3.783654180291302e-05,0.0779538935971597,3.194027379582979e-05,8.29849328663621e-05,0.4096923645053729,0.12403525055924346,0.002292050073747817,0.05124475920349375,0.40190502188102584
419,0.0187,0.00174,870,0.1,b,6.957037571049815e-05,8.84270820288517e-07,0.18956447087498104,3.803682556485042e-05,0.07585763632834917,3.698178318978473e-05,7.929736575695506e-05,0.4067496497896054,0.11630968533345183,0.0022089981438648907,0.05171977707938551,0.40016800605202946
420,0.0187,0.00174,870,0.1,b,6.86391805371864e-05,4.2863682623363327e-07,0.19495461913169004,3.684711021664812e-05,0.07771264925463814,3.6986421967186644e-05,7.999069439505458e-05,0.405902803029304,0.12137152118942876,0.0021502592935014496,0.05206942403069474,0.39861917404554525
421,0.0187,0.00174,870,0.1,b,6.827887992092784e-05,3.9592686764254653e-07,0.1893245210858406,3.796701228332866e-05,0.07571120843004696,3.7717494661620684e-05,8.197790609266347e-05,0.4091697987966187,0.11386172734974936,0.002127744270404337,0.05220662576258708,0.39990175596809857
422,0.0187,0.00174,870,0.1,b,6.846577586948657e-05,4.362132547309835e-07,0.21625345324424886,4.74272734894894e-05,0.08483426803325526,3.906570256398659e-05,8.130229513117554e-05,0.3990959787507436,0.1489626132662153,0.002139408522649267,0.052135320978846,0.3922909288178564
423,0.0187,0.00174,870,0.1,b,6.617143332858756e-05,4.4582192910752365e-07,0.21648716332746787,4.299364385238582e-05,0.0850308558917265,4.253647380070885e-05,7.436380580167416e-05,0.39711737333519065,0.14428211092891968,0.001998424462967245,0.05303145560059825,0.39277550957192386
424,0.0187,0.00174,870,0.1,b,6.793808717712527e-05,8.3077855927901e-07,0.20468229324164303,4.527596806077148e-05,0.08114635553739914,3.978528102862875e-05,7.542251531970275e-05,0.40084649118089194,0.13241936754884678,0.002106557332243582,0.05233740206233959,0.39645029500231216
425,0.0187,0.00174,870,0.1,b,6.780307867263884e-05,4.2007505278316617e-07,0.22803700018998216,4.5449190522907046e-05,0.08832515372567873,4.1112145650094045e-05,8.168012721414909e-05,0.39402911014220476,0.16403544401841788,0.002098193229578464,0.05238948288662259,0.38732816890282407
426,0.0187,0.00174,870,0.1,b,6.984387577752688e-05,8.18630275777029e-07,0.22639299772355187,4.3042923534493704e-05,0.08606416184519941,4.959938342927863e-05,8.281585900014386e-05,0.38662981129453355,0.16654513754507475,0.002226400628618074,0.05161841359262961,0.3801538153149605
427,0.0187,0.00174,870,0.1,b,7.005652332312575e-05,4.324801410344333e-07,0.22704591382982206,4.385769043042894e-05,0.08599280391546715,4.965877857850839e-05,8.053805947313423e-05,0.38397665586565144,0.16801714760588307,0.0022399783215089532,0.05154001353391761,0.3787463181562537
428,0.0187,0.00174,870,0.1,b,6.6162202179054e-05,3.9972906004576887e-07,0.23054743966169466,4.8598538773816405e-05,0.08617015991878142,5.397066159772585e-05,8.345103702215032e-05,0.3822051535764739,0.16360938239475056,0.001997866927264672,0.053035155025693934,0.3737632482287703
429,0.0187,0.00174,870,0.1,b,8.882520423948594e-05,9.9187232323044e-07,0.7517122703304958,0.00035750153073403265,0.19290131884512557,1.638309907889569e-05,0.00013036270847671864,0.2594107825623423,2.3351626709992703,0.0036009665153100747,0.0457720866402498,0.2566158974102087
430,0.0187,0.00174,870,0.1,b,6.813342097774503e-05,1.99879252690878e-06,0.9759808464084424,0.0003697999317543621,0.24785030986381054,0.00023023794398107603,0.00011604386167645228,0.25588557706795684,3.0193984721687075,0.0021186881827854904,0.05226232435904642,0.25394997327651103
431,0.0187,0.00174,870,0.1,b,7.273906685985691e-05,9.72053608457821e-07,0.13649676594986504,2.776569736385637e-05,0.05891059080758436,2.511966362746753e-05,7.893187304011485e-05,0.43907976031039336,0.06305072645343329,0.0024148052100575633,0.050580714052052944,0.4315896453489754
432,0.0187,0.00174,870,0.1,b,8.81527826353323e-05,3.3453609535058413e-07,0.7758310348702563,0.00044704735707091017,0.19733513751861295,2.0623422727840632e-05,0.0001418821825527734,0.25777303173615024,2.468584333620857,0.0035466530437481087,0.04594632770540658,0.2543532401376721
433,0.0187,0.00174,870,0.1,b,6.753283742338192e-05,5.001795336539416e-07,0.9989905852425007,0.0005514420972891385,0.24758620187700642,2.855570219196409e-05,0.00010737583603814416,0.24941164218252143,3.1355622986685954,0.002081501114875757,0.052494199825459865,0.24783637156791213
434,0.0187,0.00174,870,0.1,b,7.221885941023181e-05,9.73843733214938e-07,0.6056282078172088,0.0001983215534617841,0.1738194155947944,2.0317807376280275e-05,0.00011051650419914062,0.2905538038187214,1.2323681357626612,0.002380388830063514,0.050762558869509436,0.2870068027730583
435,0.0187,0.00174,870,0.1,b,7.216750423514996e-05,1.95820740452006e-06,0.1382810772352303,2.609727342567781e-05,0.05819664245098926,2.7587257380305093e-05,7.994551358790447e-05,0.4302346316623732,0.06420145057706834,0.002377004622073348,0.05078061724988985,0.42085760115963516
436,0.0187,0.00174,870,0.1,b,8.826246821829134e-05,3.7482778360465016e-07,0.7962875194297622,0.0003850074481986288,0.2016648337665251,1.9244689889601237e-05,0.00012948624415009058,0.25576225897169585,2.6037155210786453,0.003555484500119906,0.04591776960741961,0.2532563035911218
437,0.0187,0.00174,870,0.1,b,6.760815797127729e-05,5.41204098740493e-07,0.9857648693250108,0.00032380420704812254,0.24461912154015644,3.355898200926408e-05,0.00010322856914693677,0.24959650471648007,3.056493122916383,0.0020861467729000114,0.05246495044300672,0.2481515918777427
438,0.0187,0.00174,870,0.1,b,7.284026166765587e-05,1.51519238586186e-06,0.5998332134200557,0.00016942397660217059,0.17249274497605288,1.7790833047834962e-05,0.00010653264695732424,0.2907447715473994,1.2192988445340498,0.0024215288522718933,0.050545566700145816,0.2875678457225715
439,0.0187,0.00174,870,0.1,b,7.237198898645554e-05,5.200118857509847e-07,0.13666883094547597,2.520738774556389e-05,0.05755935438226589,2.6844994759264615e-05,8.014553996250834e-05,0.4307442701397699,0.062890799181522,0.00239049406791342,0.05070882699489403,0.42115933811732975
440,0.0187,0.00174,870,0.1,b,8.822921367115173e-05,4.2998333716575135e-07,0.7848430665123005,0.0002603958400178442,0.1994067734204562,1.989363077824392e-05,0.00012974570450873657,0.25666132489534926,2.5284577827157926,0.003552805813346812,0.04592642224476166,0.2540721603193662
441,0.0187,0.00174,870,0.1,b,6.939138329685728e-05,8.54801017010095e-07,0.9958906575153579,0.00026100801340084393,0.25076177509749903,0.0008835479333643898,9.480262858894701e-05,0.25279273240626604,3.201890736745548,0.0021976460341266647,0.051786438710642965,0.2517964931241781
442,0.0187,0.00174,870,0.1,b,7.019068037003348e-05,8.65614369708891e-07,0.5284524569001424,0.0002898652177702143,0.160115767534171,0.0005529579348196401,7.891672954789504e-05,0.30399992449263485,0.9119456182503165,0.0022485655764045336,0.051490735174758065,0.3029899197997803
443,0.0187,0.00174,870,0.1,b,6.973010954075942e-05,2.1353770776373982e-07,0.956936445049053,0.0004077520701052724,0.2393052577769055,0.0003366494760633516,0.00013594827128741283,0.2528951223198928,2.9707368517685224,0.0022191535240930734,0.05166050473088811,0.25007434821299823
444,0.0187,0.00174,870,0.1,b,6.966939994962668e-05,8.44253718586301e-07,0.975479567883702,0.00036681055166624737,0.2528249957436193,0.0010791337182493846,9.741202017369337e-05,0.2602813822700696,3.084296141534886,0.0022152910533122456,0.05168300819139582,0.2591802064005521
445,0.0187,0.00174,870,0.1,b,7.299413373559977e-05,7.15316671143574e-07,0.5081406243481555,0.0001593305969968903,0.16091971562902227,0.0002181356796794599,8.099289626789582e-05,0.317641598604277,0.8768664196518703,0.0024317704192468306,0.050492263416840655,0.31668342958300294
446,0.0187,0.00174,870,0.1,b,9.011971302904623e-05,9.58179791828186e-07,0.747991818350253,0.0002262512879557785,0.1946762469083428,3.1045912890545565e-05,0.00011776575387482027,0.2621210744241779,2.345800860288203,0.003706689891689432,0.0454421549936996,0.26026520896674316
447,0.0187,0.00174,870,0.3,b,0.00016450347875245988,8.48179034495121e-07,0.08358877793300414,1.0571359209237873e-05,0.03460030730613974,9.5454599420423e-05,0.00017016911842502024,0.4327255304754746,0.053474740322118165,0.012350849402354027,0.03363421341304536,0.4139348386439106
448,0.0187,0.00174,870,0.3,b,0.0001640903104789239,3.567923157354166e-07,0.03419982807234396,1.683226449883415e-05,0.006958240752487967,0.00040600476956216666,0.0001677677441288315,0.32106484762259235,0.008929115247907208,0.01228888632630222,0.033676531125697205,0.20345835475456145
449,0.0187,0.00174,870,0.3,b,0.0001766175785891627,6.379303816165858e-07,0.14618112378133294,1.1516950759503227e-05,0.0574299765190157,4.356121419287008e-05,0.0001820860794164514,0.39920757691153036,0.1755877302387888,0.01423686956436131,0.032460249642559925,0.3928686210192441
450,0.0187,0.00174,870,0.3,b,0.0001760704931795579,2.4052979814472374e-07,0.056973216004697944,1.0794251815661436e-05,0.023403430985533533,5.717798578320923e-05,0.00017643563992061404,0.4134572996077249,0.02658922609165474,0.014148806750615774,0.03251064069683802,0.41077953162418834
451,0.0187,0.00174,870,0.3,b,0.00017822002165232865,3.6329095353459784e-07,0.14177621668468193,1.640955077148175e-05,0.056405830318050736,4.5550962826631394e-05,0.00018069988959308636,0.40088168091738546,0.1666636558726596,0.014496382430599804,0.032313988989073186,0.39785114624338147
452,0.0187,0.00174,870,0.3,b,0.00017871700609665243,2.5734245573518993e-07,0.14104057394410568,1.0950101586419613e-05,0.05533525155616384,7.23138416883999e-05,0.00018163295021972486,0.39598397085040515,0.1653985354554128,0.01457734439776404,0.032269027598586186,0.3923356946781369
453,0.0187,0.00174,870,0.3,b,0.00017839176242173257,2.822283839193588e-07,0.05525890100861756,1.0026719179695899e-05,0.02238165855798158,1.582077591200874e-05,0.0001802546465011411,0.41954863725007674,0.025342936126987008,0.01452433461468709,0.0322984306315011,0.40503263998122563
454,0.0187,0.00174,870,0.3,b,0.0001799726068754616,2.7088234309853955e-07,0.0714491525924831,1.0634177158154195e-05,0.028905314198079537,6.962830215428643e-05,0.00018900384917572998,0.44539516869683293,0.04274430086619592,0.0147828941844009,0.032156266183242015,0.40455783097867776
455,0.0187,0.00174,870,0.3,b,0.00018035861973775833,2.584248776085258e-07,0.07317638525697487,1.0691785717055754e-05,0.029453724271785716,2.260458819914786e-05,0.00018126312337315815,0.40659917024340897,0.04493207283616792,0.014846376144759083,0.03212183649787874,0.4025031322379826
456,0.0187,0.00174,870,0.3,b,0.00017869102913453842,2.6711677525504594e-07,0.07164313433638549,1.0784408487984835e-05,0.029202594535727714,8.758026516059454e-05,0.00018139645809342326,0.4201059677270516,0.042670678787370846,0.014573106999088589,0.032271373046057025,0.4076119059589574
457,0.0187,0.00174,870,0.3,b,0.00016930230786792343,1.987162480107928e-07,0.2883445991049682,3.0167831902404813e-05,0.09222559679186823,4.342580405014289e-05,0.00017829239873012252,0.3231444684496959,0.6548836784924225,0.013081947745413793,0.03315411041981097,0.31984506412861463
458,0.0187,0.00174,870,0.3,b,0.00016859977573842078,2.11663204025801e-07,0.09147045768431375,1.1472853370341983e-05,0.03814887508272591,5.303275004485139e-05,0.0001741807109245354,0.43246739524090566,0.06562908403384862,0.012973604032611873,0.033223112927823,0.41706225210315145
459,0.0187,0.00174,870,0.3,b,0.0001684144683429894,1.917584721458029e-07,0.03756462468984609,1.4946536136500791e-05,0.01130145835050206,8.778159489691537e-05,0.00017391438588948294,0.40863680053332857,0.011056435914371802,0.012945101223628328,0.03324138569266192,0.30085375386585195
460,0.0187,0.00174,870,0.3,b,0.0001795769179694103,1.9555645897316923e-07,0.24589244286805848,2.126214523951678e-05,0.08247729493650013,3.0981277242738865e-05,0.00018942902876330488,0.34015244070381595,0.5051478661875102,0.014717962114617816,0.03219167406453967,0.33542021045663445
461,0.0187,0.00174,870,0.3,b,0.00017931675290759857,2.1503165933083344e-07,0.08156033907839963,1.0305005123547874e-05,0.03430053145981634,9.416389506016627e-06,0.00018240346996263118,0.43124219468991537,0.05549534522158712,0.01467534721922272,0.03221501854610231,0.420554056633397
462,0.0187,0.00174,870,0.3,b,0.00017929140469131745,1.7875564247335427e-07,0.03243445224777196,1.71343155411707e-05,0.006089197159239632,5.6360819703123055e-05,0.0001847201905291026,0.36945129530716225,0.00877506317546748,0.014671198498294473,0.03221729574505272,0.18773855382922094
463,0.0187,0.00174,870,0.3,b,0.00018105457643861198,2.696498572898628e-07,0.08413268591382095,1.0962102605882623e-05,0.03440383654842094,3.5202849819519e-05,0.00018195548147406442,0.41196558302500585,0.05962338939151556,0.014961173763606263,0.03206004040246294,0.4089235494473763
464,0.0187,0.00174,870,0.3,b,0.00018113616635808639,1.6238947420953015e-07,0.03331751490485442,1.5821951617751013e-05,0.0058062176999630994,8.150361890234233e-05,0.00018677953326913518,0.36071454651698176,0.009354660256031778,0.014974660923431003,0.0320528191202848,0.1742692309598734
465,0.0187,0.00174,870,0.3,b,0.0001708178224729345,1.7470107607573558e-07,0.09481309522381852,1.2582608431530578e-05,0.039811715837241704,3.889442684404461e-05,0.0001713664091412925,0.42132011618452514,0.07144099203591205,0.013317202882910096,0.033006709285196806,0.41989680585008876
466,0.0187,0.00174,870,0.3,b,0.00017090276181894746,1.3653637850896862e-07,0.038513091489406064,1.3511217416138644e-05,0.009434087572298267,9.366256574292336e-05,0.0001779191064554464,0.3909143724130687,0.011793521138342223,0.013330450162627318,0.03299850603352434,0.24495794046794026
467,0.0187,0.00174,870,0.3,b,0.00017142254794111732,2.937168758241116e-07,0.09183198443136863,1.2348795538615592e-05,0.037713737190384566,6.260495906114532e-05,0.00017389039415790304,0.41761370065917214,0.06725638655785052,0.013411660318359291,0.03294843914439413,0.41068193640713746
468,0.0187,0.00174,870,0.3,b,0.0001718157019552758,1.0335481732361055e-07,0.2927881007246869,2.967396572169074e-05,0.09257043252841837,6.805150694549913e-05,0.00017197610773340185,0.31622675060381356,0.6852473138576629,0.01347324958695066,0.032910720735131176,0.3161686977691206
469,0.0187,0.00174,870,0.3,b,0.0001710283989488862,2.8748706451256905e-07,0.09225122125886605,1.1555409066799028e-05,0.036140385757875836,8.250714960189348e-05,0.0001762116283219436,0.40672588977544644,0.06771581732346409,0.013350056810124937,0.03298638348757102,0.39176051292006575
470,0.0187,0.00174,870,0.3,b,0.00017067499417745713,2.675781942374957e-07,0.03732839272163767,1.3039977709920054e-05,0.011114213841519359,0.0003411289702531579,0.00017778479882853528,0.4344653966138776,0.011064355566864479,0.01329494199517423,0.033020517125590454,0.29774155893609977
471,0.0187,0.00174,870,0.3,b,0.00017248645689864412,1.253495004520589e-07,0.2891440341088011,3.750235181173544e-05,0.08945760539868379,6.738739913013036e-05,0.00019095200882888872,0.3163134274569256,0.6709051402327917,0.013578651933926903,0.03284666778900302,0.30938769210442046
472,0.0187,0.00174,870,0.3,b,0.00017169882026856438,3.171004666182863e-07,0.09165619202231917,1.3167255178086565e-05,0.03744391972298269,9.517664822583388e-05,0.00017247773364656983,0.4107462325824384,0.06710711633783331,0.01345492482990025,0.032921920596977565,0.40852580602371885
473,0.0187,0.00174,870,0.3,b,0.00017010136962652015,5.923338923261069e-07,0.10708673123280914,1.5597490345938478e-05,0.044248740198502674,7.115076862105138e-05,0.0001718681351037705,0.4168463756528216,0.09075212037385176,0.013205725769004131,0.033076147005131715,0.41320469575548857
474,0.0187,0.00174,870,0.3,b,0.0001696669033330878,3.0289922881399813e-07,0.0424444285117043,1.0939380184661784e-05,0.014983836758813197,7.17891084817647e-05,0.00017635034377204358,0.4443112776996353,0.014220542361197356,0.013138352818825718,0.03311846899853908,0.3530224645310353
475,0.0187,0.00174,870,0.3,b,0.00017093941530526617,2.074965753443144e-07,0.38237924508332394,2.3837847213784918e-05,0.1057974377945221,4.6187247185570396e-05,0.0001997856270484889,0.28359071089367566,1.1628092640559362,0.013336168734559548,0.03299496801061959,0.2766819568658018
476,0.0187,0.00174,870,0.3,b,0.0001697642505789844,4.309879011813728e-07,0.10683095193683277,1.3309862379946502e-05,0.04303695416697866,1.4278468183225002e-05,0.00017603358426897868,0.4160127621504753,0.0901401099015254,0.013153433536970906,0.033108972140257355,0.40285098453887824
477,0.0187,0.00174,870,0.3,b,0.00016955762374564414,2.835188824220629e-07,0.04318906544795402,1.1523527077443793e-05,0.014262727011990023,0.0001083712664203602,0.00017708023033572272,0.4338019082994132,0.014714400779827387,0.013121433886787083,0.03312913967674053,0.33023930627018666
478,0.0187,0.00174,870,0.3,b,0.0001630547303127513,1.9264327896277734e-07,0.4348194594140033,5.4213898624318076e-05,0.12580932845453766,0.00011694824028787816,0.00017982945759718847,0.29232962703261206,1.4342636509638098,0.01213426452843738,0.03378330370859597,0.289336932215702
479,0.0187,0.00174,870,0.3,b,0.00016167333432481646,4.224800239495806e-07,0.11739257276273563,1.675194215570159e-05,0.04928704640893596,2.080408476425518e-05,0.0001639089886013096,0.4236216553590206,0.10365667710435682,0.011929533028635458,0.03392732515979784,0.4198480810924125
480,0.0187,0.00174,870,0.3,b,0.00016560881871413978,1.450978514611839e-07,0.4910360016659896,5.5297498161408706e-05,0.12709855985201243,3.9785768942704465e-05,0.0001918459141656182,0.26292933196487767,1.857752160442893,0.012517383906422161,0.03352178135082002,0.2588375585920213
481,0.0187,0.00174,870,0.3,b,0.0001646579429569763,3.17788961554717e-07,0.12728451925115364,1.8205895079879033e-05,0.052080073103188566,2.2693126918426575e-05,0.0001666767419282357,0.41213938503099173,0.12411135148447575,0.012374054501860934,0.033618433727868116,0.4091626649461265
482,0.0187,0.00174,870,0.3,b,0.00016441563959899587,1.768783230531085e-07,0.05041798567834388,1.2815203808501563e-05,0.01981985895201126,2.2105284988471437e-05,0.00016658989618488702,0.41390576011745783,0.01944427494691201,0.012337663073189913,0.03364319676264824,0.3931108846445747
483,0.0187,0.00174,870,0.3,b,0.00017346235058587615,1.7792856705662905e-07,0.45085326768299777,6.842774264076277e-05,0.1176366402522874,2.2885097335799084e-05,0.00020039208880706804,0.265854431187015,1.6404134318702557,0.013732737160051547,0.03275414031025928,0.26092001252833247
484,0.0187,0.00174,870,0.3,b,0.00017259672552992454,3.3998339159166085e-07,0.11914334282256515,1.5863255526101858e-05,0.04822351153641523,8.302890578323658e-06,0.0001751855576766533,0.4091483919025232,0.11398553978329422,0.013596018839057306,0.032836173569683,0.40475204399990977
485,0.0187,0.00174,870,0.3,b,0.00017257060655782782,1.9126173893123603e-07,0.04717040823082215,1.1205055991127515e-05,0.01760801411132485,2.6917187626658052e-05,0.00017571968999800265,0.4087906279414373,0.017864206952517545,0.013591904193591315,0.03283865839218278,0.37328517542528705
486,0.0187,0.00174,870,0.3,b,0.0001731050200749855,1.633582774773991e-07,0.4527791188457532,5.6006020634351994e-05,0.11781683140506817,3.856495757114071e-05,0.00020338134812305147,0.26571759055597277,1.6510494796937918,0.013676216864364049,0.03278792910481404,0.2602081820942022
487,0.0187,0.00174,870,0.3,b,0.00017233127896663152,3.050560795895914e-07,0.11960756905526225,1.6575476963075446e-05,0.047626244572114444,9.056129990694831e-06,0.00017736664843281464,0.4067666497345282,0.11469885557800999,0.0135542307784109,0.032861453065057986,0.3981875473960156
488,0.0187,0.00174,870,0.3,b,0.00017233418251211377,1.8270362699821714e-07,0.047842010190655516,1.2044947503330512e-05,0.018087558327305773,2.9251865394930817e-05,0.0001745446434189222,0.4023478531449977,0.01835134554983039,0.013554687522622625,0.03286117623336941,0.37806852712135053
489,0.0187,0.00174,870,0.3,b,0.00017399779711895177,1.2726581989603505e-07,0.45154832456272126,4.931238101978765e-05,0.11793049431171738,4.653915421574162e-05,0.00020318542708904099,0.26649188364759685,1.6505544904761242,0.013817648904714715,0.0327037040273457,0.26116915487599496
490,0.0187,0.00174,870,0.3,b,0.0001734158417831747,2.7500552496465924e-07,0.11933191337194725,1.5618040117589194e-05,0.04831798012662097,8.784158705602731e-06,0.00017555463661709527,0.40852680851525713,0.11488931043051587,0.013725374092070244,0.03275853222079432,0.4049040928055683
491,0.0187,0.00174,870,0.3,b,0.0001735483376608198,1.6930234424375636e-07,0.047727337810198264,1.1089143035642905e-05,0.016993345912009603,1.867260099007516e-05,0.00017628246266718637,0.38771326754330326,0.01839215105501219,0.013746355453267706,0.03274602504478702,0.3560505716784083
492,0.0187,0.00174,870,0.3,b,0.00017503877814892312,2.4357338415045073e-07,0.5096424352795051,6.769275818041893e-05,0.12857129767295553,1.882793289962114e-05,0.00021006835854021205,0.2574684334672637,2.1151593124682715,0.01398347787634631,0.032606312172260614,0.2522774572381177
493,0.0187,0.00174,870,0.3,b,0.00017486058716573174,2.954255240175062e-07,0.1302851195006194,1.8615589998415182e-05,0.05135536744093292,8.727329723717216e-06,0.00017747964114930265,0.3979982584359814,0.13808903979963225,0.013955021766261115,0.032622921608009794,0.394176768903288
494,0.0187,0.00174,870,0.3,b,0.0001753496776759604,1.3004728074575987e-07,0.05134467293122674,1.0742075685608844e-05,0.019288638705569496,2.0669112123104243e-05,0.0001775047071762609,0.3964418625056714,0.021506681395733796,0.014033196203066103,0.0325773934295138,0.37566971614378625
495,0.0187,0.00174,870,0.3,b,0.00017520478710923907,2.2509493819547904e-07,0.5120002515317409,6.288858322202737e-05,0.12905482918243819,1.7560554525944848e-05,0.00020801260717179604,0.2568847340174594,2.1368004326263534,0.014010014663937389,0.03259086104535511,0.25206008941665053
496,0.0187,0.00174,870,0.3,b,0.00017513294668792463,3.447797910094097e-07,0.13087319038630169,1.640166358265856e-05,0.05166237679726925,7.761279317480392e-06,0.00018000575744633076,0.4017592750879509,0.13955547532581594,0.013998527774513502,0.032597544828088465,0.39475141275899295
497,0.0187,0.00174,870,0.3,b,0.00017561529115806395,1.320077451669843e-07,0.052149818175259044,1.1204338372220034e-05,0.018151228172898357,1.9351387992082647e-05,0.00017941101955239207,0.385394260323101,0.022220077597863007,0.014075742379704298,0.03255274788417803,0.3480592801282225
498,0.0187,0.00174,870,0.3,b,0.00016660301458661176,3.1443139069456877e-07,0.5802029196865389,8.23233902600951e-05,0.14414144032433912,2.0741576377349423e-05,0.00021051536334461388,0.2535314326136459,2.609277812701511,0.012668125709975074,0.03342161183916488,0.24843280761533074
499,0.0187,0.00174,870,0.3,b,0.0001660636070139546,3.689808948715905e-07,0.1462131351471831,2.2205070334104333e-05,0.05735014396910515,9.148719782640416e-06,0.00016884711067986148,0.3954796161733392,0.16516761281085174,0.012586227780842696,0.03347584784861446,0.39223660659060866
500,0.0187,0.00174,870,0.3,b,0.00016648969378602223,1.3870264110243687e-07,0.0568691506169634,9.783384565970691e-06,0.022294545471210767,1.6156137952432405e-05,0.00016960698252504327,0.415452399761645,0.02505062029548929,0.012650898243504917,0.03343298407332173,0.39203232735747184
501,0.0187,0.00174,870,0.3,b,0.00017196309828920275,2.8921241274397275e-07,0.5604351960939018,5.927943739717984e-05,0.13890591220335805,1.9906020141719464e-05,0.00022326863053208167,0.25423673870812896,2.5128334861965587,0.013496376220925017,0.032896613174975144,0.24785365582229446
502,0.0187,0.00174,870,0.3,b,0.00017156806546327757,3.010128338475922e-07,0.14207217145808002,1.9540293947573743e-05,0.05488429429261601,7.688193292968201e-06,0.00017686379290367558,0.39291879397341667,0.16111357599523643,0.013434439817947065,0.03293446337248709,0.38631277138472003
503,0.0187,0.00174,870,0.3,b,0.00017208053028327909,1.669452595026131e-07,0.055535969584800685,1.1070861128993817e-05,0.020327763047733528,1.551804477114428e-05,0.00017555139695883638,0.3950398893605021,0.024692104071116043,0.013514815613411914,0.032885386529597806,0.36602877737992917
504,0.0187,0.00174,870,0.3,b,0.00017549800065698521,3.362147120663768e-07,0.5582816046640641,7.41440560849212e-05,0.13866282034184427,1.7187561202255914e-05,0.0002210472717408631,0.25408091806378913,2.5448164034115903,0.014056946754964364,0.03256362404905642,0.24837433149043506
505,0.0187,0.00174,870,0.3,b,0.00017505902082696613,3.765229176341585e-07,0.1412356722827336,1.8172648209912543e-05,0.055225087624593695,8.228459255745744e-06,0.0001777710364561463,0.39440997429017627,0.16246168156120563,0.013986712352857587,0.0326044269276211,0.39101373422176927
506,0.0187,0.00174,870,0.3,b,0.00017575265698944271,1.6063515367081156e-07,0.05476569845930345,1.0255458038834078e-05,0.019445768616990277,2.1704696745106967e-05,0.00017662363659315495,0.3630065134149115,0.024524310559206192,0.01409777101105038,0.03254002401007853,0.3550720462634195
507,0.0187,0.00174,870,0.3,b,0.0001662175996203775,3.130085762933729e-07,0.6196233470309143,6.374500272969437e-05,0.15604377082008425,9.151695253001301e-06,0.00022734649028324913,0.25796408250045827,2.9690000100651273,0.012609581298286553,0.03346033737439239,0.2518364931983412
508,0.0187,0.00174,870,0.3,b,0.0001653778306955344,4.3019578137799213e-07,0.1514106232030832,8.523692482054698e-06,0.0597250355709777,1.0836689182527625e-05,0.00016946670668341261,0.39886838238177746,0.17638742936996374,0.012482490241721718,0.03354518360475206,0.3944573657217567
509,0.0187,0.00174,870,0.3,b,0.00016605880030540093,1.644603955137976e-07,0.06000542056860513,1.1686797694229842e-05,0.024222673592448132,1.3600563392585507e-05,0.00016789611937263467,0.41589047797639683,0.02781765458284111,0.0125854991750481,0.033476332338082976,0.4036747574288555
510,0.0187,0.00174,870,0.3,b,0.00017530172577475824,4.325091000299451e-07,0.6009193634304528,7.048499518357971e-05,0.15199939932361337,1.0895374286805347e-05,0.00022835325531167308,0.25857980523905727,2.9450741561741496,0.014025522092258876,0.03258184872261394,0.2529447519479125
511,0.0187,0.00174,870,0.3,b,0.00017423682864829484,5.776696673231938e-07,0.14797430750695087,9.104356464619459e-06,0.058623080338483874,8.368548672076878e-06,0.00017628050768444167,0.3984751089860285,0.17749668085372272,0.013855639298518824,0.03268126359567771,0.39617066858535654
512,0.0187,0.00174,870,0.3,b,0.00017512646477786428,1.9550585950502767e-07,0.05729746291063691,9.047236971982874e-06,0.02083116791477812,1.9923325142487206e-05,0.00018045519982567542,0.40499751256762706,0.02674854794688168,0.01399749158434399,0.03259814808470911,0.36356178540168743
513,0.0187,0.00174,870,0.3,b,0.00017416014718805038,5.031477620134543e-07,0.5998023872076105,5.208881560364911e-05,0.15182323013829438,1.0664359910969928e-05,0.000223927230685168,0.25842771306320933,2.915028525520296,0.013843446275194,0.032688457466570967,0.2531220838334936
514,0.0187,0.00174,870,0.3,b,0.00017301386812826515,6.033022965257271e-07,0.14724914639008713,8.11806241778291e-06,0.05763412822512686,9.525152061032382e-06,0.00018142448442669626,0.40100987489816325,0.1745276068733216,0.013661817679689056,0.032796565088904814,0.3914055166910415
515,0.0187,0.00174,870,0.3,b,0.00017366815445677203,6.322685817176245e-07,0.5982019956981952,5.6142000228753186e-05,0.1521992687289909,1.4771908076339944e-05,0.00021243276498099077,0.25857095581927053,2.8913026240658892,0.013765342818329062,0.03273472705876783,0.25442788526867177
516,0.0187,0.00174,870,0.3,b,0.00017182766330082604,7.796343659007785e-07,0.1471403044393328,9.624644291922492e-06,0.05910150777248754,1.533973110081525e-05,0.0001766547101922605,0.4070765640643475,0.17307487665286309,0.013475125594810936,0.03290957521715536,0.4016677007546603
517,0.0187,0.00174,870,0.3,b,0.00017299369109050964,3.3577156646829107e-07,0.05768568240791308,1.2835008819491683e-05,0.02122695474399171,5.7149885437250095e-05,0.00017869159892232225,0.4110981956262816,0.026782060107484892,0.013658631357800039,0.032798477639107204,0.36797613996987033
518,0.0187,0.00174,870,0.3,b,0.00011859963278634598,7.855382302627077e-07,0.8327297812864533,0.00016117458539811538,0.2159375831974241,5.964664977244889e-05,0.00016602323049736816,0.26188733810415954,3.826213362074697,0.006419679433930739,0.03961203430895271,0.2593129104423648
519,0.0187,0.00174,870,0.3,b,0.00012079470526183115,5.002954502670078e-07,0.8418631871897795,8.728965719405425e-05,0.21713780281793413,2.9636280831696096e-05,0.0001839681987371209,0.2612935054458963,3.9829841939057458,0.0066595126836586655,0.039250470718400154,0.2579252853931778
520,0.0187,0.00174,870,0.3,b,0.0001371277025084227,1.6812807118695714e-07,0.7296072047470713,0.00012705739200036546,0.18690380440477333,1.033020024468288e-05,0.00019224181236161882,0.26010506110552356,3.3961047221247136,0.008582168812584057,0.03683886310489614,0.2561704478638834
521,0.0187,0.00174,870,0.3,b,0.0001374979113267067,1.9530515585976578e-07,0.7241667914750489,8.197729233195391e-05,0.18559913487000626,1.0642790504661112e-05,0.00018773555927422013,0.25993426193979285,3.3546789039418936,0.008628570572579954,0.036789235935126875,0.25629335265700465
522,0.0187,0.00174,870,0.3,b,0.00017406485198567993,2.631071621912228e-07,0.6425779837808144,6.634771180607775e-05,0.16294384714052165,9.959254159594579e-06,0.00024070010322060773,0.2597465312161183,3.343800930354657,0.01382830098370858,0.03269740420941255,0.25357832240343664
523,0.0187,0.00174,870,0.3,b,0.00017536833373390498,4.0601734065849804e-07,0.6418036418454588,8.513450498168223e-05,0.16335090886178188,1.2419075805292638e-05,0.00023222549885427074,0.25978427241350394,3.360726541581239,0.014036182442357839,0.03257566055707532,0.25451851346944443
524,0.0187,0.00174,870,0.3,b,0.00017476985800280362,4.917940010367316e-07,0.1580384603959615,1.9342156023132272e-05,0.06051557663535578,4.493589450550442e-05,0.00018095261902975805,0.38920703402187107,0.20308121813994606,0.013940543958666445,0.03263138836069452,0.3829167690177156
525,0.0187,0.00174,870,0.3,b,0.00017549323897146288,1.7180194639727932e-07,0.06065282423320173,9.519054897815672e-06,0.022374792159954724,6.54984530740978e-05,0.00017960007002720197,0.39747930391013775,0.030035861418946395,0.014056183967336591,0.03256406582301395,0.36889942789682373
526,0.0187,0.00174,870,0.3,b,0.0001757788533384269,3.821553113003765e-07,0.6433872971260053,6.286976420836954e-05,0.16314123338464726,1.2435917477176642e-05,0.00024847219406805835,0.26027150984484865,3.385238233945557,0.014101973936444568,0.032537599197393345,0.25356613988711774
527,0.0187,0.00174,870,0.3,b,0.00017422113674309293,5.755700552162385e-07,0.6375268355413352,9.238217247552485e-05,0.16331832903768653,1.9093976766246013e-05,0.00022528828005765133,0.2609419386604832,3.294393176985651,0.013853143711454928,0.03268273534518179,0.256174830505778
528,0.0187,0.00174,870,0.3,b,0.0001743492092773852,2.312144921694746e-07,0.06066938357795891,1.1093485039674925e-05,0.02425474017784495,5.5239145583224e-05,0.00017910182963572652,0.43030433431199594,0.029856355477385414,0.01387351849925858,0.0326707291831474,0.3997855054300677
529,0.0187,0.00174,870,0.3,b,0.0001633178469188359,2.8498656378436854e-07,0.6909232313368986,4.546007570339476e-05,0.17732634649959791,1.3281340068619627e-05,0.00021683924134963621,0.26090152859412813,3.627194822465302,0.012173457534346373,0.03375607909276284,0.2566513014137347
530,0.0187,0.00174,870,0.3,b,0.00016193075057583485,5.146080283522891e-07,0.16787094107090503,2.5344266681998882e-05,0.0649785861508197,7.271300783298259e-05,0.00016739580185646906,0.39195876983488637,0.21230392586972957,0.011967551671466832,0.033900347830287635,0.38707465232695726
531,0.0187,0.00174,870,0.3,b,0.00016243803183135948,1.7656466073843427e-07,0.06490039051605077,1.0100175701902517e-05,0.026988590866275673,2.857428787650239e-05,0.00016494151314293596,0.42963884701609906,0.031831711124000135,0.012042650734589143,0.03384737237235048,0.4158463554945947
532,0.0187,0.00174,870,0.3,b,0.00016916712295631328,3.9476968034243105e-07,0.6745480659617252,0.00012312426024144475,0.17295656335072995,1.5602689977675032e-05,0.00022815565254930218,0.26131660343737545,3.5811244376257716,0.01306106467629245,0.03316735483859723,0.25640361610723783
533,0.0187,0.00174,870,0.3,b,0.0001606611994919301,3.323123524885e-07,0.18407887758345948,0.00029870415403149,0.06391162222149568,2.3147397203526493e-05,0.0001763889237705281,0.3600726692207204,0.25327747404494616,0.011780634000965176,0.034034025206383225,0.3471969356860013
534,0.0187,0.00174,870,0.3,b,0.0001683093309651542,2.615569921437564e-07,0.06356550146082185,1.0273907993781425e-05,0.02573058343076991,4.859002641304518e-05,0.0001734425242762903,0.43448729615520126,0.031639440472812225,0.012928943595526862,0.033251766479300865,0.4047884912326032
535,0.0187,0.00174,870,0.3,b,0.00016809411429373938,7.195433828532677e-07,0.6695241517676509,5.886023395188845e-05,0.1720830671383166,4.0949057765976e-05,0.00023127251932464652,0.26234718887337344,3.5056023322475185,0.012895900327080264,0.03327304635983195,0.2570229418669808
536,0.0187,0.00174,870,0.3,b,0.0001674302375566018,7.380001899845981e-07,0.1610510131182346,0.0005104302572125586,0.06241157328735551,0.00010061637958531785,0.00017533402170195867,0.3951653776988219,0.2020405126690652,0.012794238443880512,0.0333389464882494,0.38752673503231205
537,0.0187,0.00174,870,0.3,b,0.00016802751648863667,2.735011846685634e-07,0.06334557630509181,1.1102341706454822e-05,0.02387618778376657,0.00012577144305746905,0.00017855329161769795,0.4399254231065994,0.03136827507439902,0.012885683806090896,0.033279639602346506,0.37691957633744605
538,0.0187,0.00174,870,0.3,b,0.00016219760777482262,6.378449233200571e-07,0.7104007257344034,7.80926463552187e-05,0.18285146266367017,1.7722854973325706e-05,0.00021341246720675303,0.26123115937193064,3.8082801016378127,0.012007028531905052,0.03387244891107123,0.25739199868446166
539,0.0187,0.00174,870,0.3,b,0.00016105048032229483,7.910010828170759e-07,0.1732004661531157,9.482662818948942e-06,0.06718766141353677,1.046399729053298e-05,0.00016808941779240872,0.3938076394071629,0.2247697091392145,0.011837791931957957,0.033992867895677875,0.38791847912314714
540,0.0187,0.00174,870,0.3,b,0.00017089922410416252,4.0889641352135775e-07,0.7091098058761149,9.726914347974675e-05,0.18253576763902007,1.018068865312901e-05,0.0002331924414869055,0.26209401379810787,3.998017761116618,0.013329898283394644,0.03299884757603032,0.25741537647120055
541,0.0187,0.00174,870,0.3,b,0.00017039985320090137,4.1190302138295284e-07,0.17407431434848988,1.0750840764361603e-05,0.06746122976548316,8.053186126464363e-06,0.0001737829760335501,0.3903586364502969,0.24022391960098433,0.013252111645376692,0.03304716513219694,0.38754269989786344
542,0.0187,0.00174,870,0.3,b,0.00017129876701468274,4.856794144904396e-07,0.7078341914952364,5.8210641336190447e-05,0.18275521813630433,1.4318645695578625e-05,0.0002301665781287307,0.26261558403458873,3.9929599790722428,0.013392298707028436,0.03296034130777671,0.25818930525276024
543,0.0187,0.00174,870,0.3,b,0.00016996392123570613,6.45854969199962e-07,0.17380598293840638,8.932176359482936e-06,0.06557657287355426,1.072503196467553e-05,0.0001786742205159872,0.3847215374890681,0.23887122264828423,0.013184392931730174,0.03308951850299848,0.3772975576841528
544,0.0187,0.00174,870,0.3,b,0.00017309730569469754,2.1484086481007658e-07,0.7138789206323467,9.9083330970989e-05,0.18353840017011835,1.0414201752289844e-05,0.00024349054635059916,0.26231769956581635,4.104091840497939,0.013674997937415799,0.032788659722008964,0.25710018164921006
545,0.0187,0.00174,870,0.3,b,0.0001731482640962466,2.1194587053810125e-07,0.17566779162716126,1.4702926662998425e-05,0.06660187879780648,8.069323099615275e-06,0.0001806879192537311,0.3854053732624763,0.24858794908815857,0.013683050733010507,0.03278383443354698,0.37913540200449974
546,0.0187,0.00174,870,0.3,b,0.0001730139698674124,3.6041974907707643e-07,0.7316135494990794,0.00010770609187352958,0.18953353596828945,1.0781942276495304e-05,0.0002455813201548628,0.2641463211192183,4.30846230286162,0.013661833747095729,0.03279655544605615,0.25906236441090946
547,0.0187,0.00174,870,0.3,b,0.00017279816211957096,3.8733776720726576e-07,0.1808700343772806,1.392907042809738e-05,0.06864556360278681,7.605750623833713e-06,0.00017740782552744713,0.3831546264314496,0.2629965233072672,0.01362777302025829,0.03281702887646725,0.3795297758367071
548,0.0187,0.00174,870,0.3,b,0.00017225832584708928,4.6527916659975474e-07,0.7415495230236149,9.42371624903476e-05,0.193055621614684,1.1508219677018457e-05,0.0002434306993626461,0.2651730460271915,4.406950657231676,0.013542757363665092,0.032868410905065995,0.2603408344563605
549,0.0187,0.00174,870,0.3,b,0.00017145642374443926,6.38405224605655e-07,0.18310263834758642,1.343255271193066e-05,0.06898003660463405,8.112030043303636e-06,0.0001767984178220835,0.38085530139528245,0.26743645774948843,0.013416961553979584,0.032945184060808305,0.37672879663092695
550,0.0187,0.00174,870,0.3,b,0.0001725819679655533,3.6378992158441137e-07,0.7417914565107483,0.00012260327281923933,0.19296594691876823,1.1384204443031165e-05,0.00024097050963943847,0.26478050132992675,4.418111960444293,0.013593693933474756,0.03283757745791103,0.26013503556167233
551,0.0187,0.00174,870,0.3,b,0.00017212526793369302,4.4781567907197937e-07,0.18324346628281704,1.6370331028722206e-05,0.06891701092767863,7.408491174247687e-06,0.00017958647286769045,0.38184726873871316,0.26889286110995403,0.013521843714618873,0.03288111257681485,0.37609532457387845
552,0.0187,0.00174,870,0.3,b,0.000172407205561346,6.080078116810552e-07,0.7615470623647935,0.00023911570622464498,0.19863906718142157,2.6592511472790034e-05,0.00025933943890241824,0.2664141171164491,4.651859113356532,0.013566176993886982,0.032854216322888985,0.26083623323895144
553,0.0187,0.00174,870,0.3,b,0.00017234698803308707,5.794748883100085e-07,0.18925974958392083,2.553382017058628e-05,0.07104376594306178,1.2105809360037043e-05,0.00017933050044669025,0.38043809914897814,0.2872088819348882,0.01355670199568516,0.03285995540467062,0.3753770471494776
554,0.0187,0.00174,870,0.3,b,0.00017405773221582107,4.1073372721452596e-07,0.7614130919957124,0.00012018999739771127,0.19937368114419224,1.6878689642263737e-05,0.00024133848166504383,0.26615924240194233,4.694741094701654,0.013827169769613575,0.03269807294044049,0.2618469307135514
555,0.0187,0.00174,870,0.3,b,0.00017431706433567256,3.263903742473761e-07,0.18951987988463223,1.7288670211190885e-05,0.07088817535456143,9.421868299136736e-06,0.00018073291194242554,0.3786967015930206,0.2912910187233523,0.013868403221317391,0.03267374136752044,0.3740408415080977
556,0.0187,0.00174,870,0.3,b,0.00017392039278353106,4.769425325760562e-07,0.7620539040288915,0.00016394036465814567,0.19955705359971107,1.939030548705723e-05,0.0002387551673869755,0.2660168835061613,4.698936090587701,0.013805357852182462,0.032710980709635434,0.26186737256337883
557,0.0187,0.00174,870,0.3,b,0.00017439639677364478,2.851245313758158e-07,0.1890391117786246,9.951871741162978e-06,0.07076504087901497,8.45718686315164e-06,0.0001819472478613992,0.37983763511027924,0.28994691338771117,0.013881029232415206,0.0326663089249392,0.3743407394015097
558,0.0187,0.00174,870,0.3,b,9.949031191392256e-05,2.010747688252845e-07,1.0634534880770479,0.00015194193434471426,0.27557990471811156,1.9012073416587707e-05,0.00014687158883022977,0.26071797240900135,5.234743889549075,0.004517604822423408,0.04324923425276162,0.25913677260715856
559,0.0187,0.00174,870,0.3,b,9.964056248694899e-05,1.965439216863421e-07,1.0471760398852852,7.874758784712404e-05,0.2716918350593074,1.9984958000188564e-05,0.00013398908501487353,0.26063358194636427,5.083387422082912,0.004531260126995706,0.04321661363308064,0.2594519208910379
560,0.0187,0.00174,870,0.3,b,9.948231369997489e-05,2.3238198202814175e-07,1.0478323991084602,7.664216618401569e-05,0.2715478179153911,1.8726312837324388e-05,0.00014242945594603604,0.26062844536528895,5.08167830790985,0.0045168784940640945,0.04325097280137021,0.25915195802919955
561,0.0187,0.00174,870,0.3,b,0.0001733340718544731,3.731434653911644e-07,0.797682259810757,0.00011336324728396722,0.21141509475737702,1.3442245704031803e-05,0.00024529362159022807,0.2691901082633933,5.131229655719166,0.013712433425892888,0.032766258188853356,0.26503672628689695
562,0.0187,0.00174,870,0.3,b,0.00017273455378347276,4.183636798318258e-07,0.797253495508864,0.00010875689294220003,0.2111135710668213,1.2992949780768238e-05,0.00024361771276178217,0.2689007458517936,5.1079864040483285,0.013617741890173644,0.03282307064524211,0.26480106046079305
563,0.0187,0.00174,870,0.3,b,0.00017151999538140078,4.886549791213687e-07,0.7921711066133585,0.00015433654887944898,0.21007897167392048,1.3516032109778804e-05,0.000231588872971471,0.2687115309972559,5.007608852250006,0.013426912727743658,0.03293907814477323,0.26519393338143477
564,0.0187,0.00174,870,0.3,b,0.00016580478794920277,2.8719527057237523e-07,0.8135524602786158,0.00011046603613841912,0.2152394970893958,2.2482982210411565e-05,0.00022877932770080825,0.2680722154251907,5.105588858877691,0.01254702572780265,0.0335019653365505,0.2645674465979528
565,0.0187,0.00174,870,0.3,b,0.00017232916756475643,3.9549355733452295e-07,0.8158713990350993,0.00020883126710398604,0.2163933894352988,2.8653273035094108e-05,0.0002419870310907253,0.26907249700672475,5.336786806822361,0.013553898647724745,0.03286165437607827,0.2652297772556057
566,0.0187,0.00174,870,0.3,b,0.00017364866099457284,2.1716210838778806e-07,0.8124893340001851,0.00017033619860763957,0.21685826665977134,2.2746426378543795e-05,0.0002397754999609894,0.2705626769747549,5.3331576506430975,0.013762252797235903,0.03273656437572016,0.2669059858202667
567,0.0187,0.00174,870,0.3,b,0.00017367753731568355,1.9505973224037038e-07,0.20342537371667918,2.2086455635842886e-05,0.0737826323879953,1.0570032523106164e-05,0.00017921477746536154,0.3663024683895049,0.3343732631320918,0.013766830273055431,0.03273384280661091,0.3627012257121676
568,0.0187,0.00174,870,0.3,b,0.00017380930740306148,1.1741930737453823e-07,0.073405952323998,9.157313089103717e-06,0.029818985334935065,1.0607648152675413e-05,0.00017836834985549306,0.4261630899447341,0.043572575359312964,0.013787728134958125,0.0327214321963279,0.40622026403690686
569,0.0187,0.00174,870,0.3,b,0.0001623767501176673,5.295850703071045e-07,0.8202687867376216,0.00011099910917162664,0.2192465677803966,2.6033610389190072e-05,0.00021395695228889754,0.2700851993633867,5.082926886953189,0.012033565977067066,0.03385375884489941,0.26728624973331666
570,0.0187,0.00174,870,0.3,b,0.00015965217232260148,9.96089944453414e-07,0.8186204742837613,0.00018980081532236461,0.216885078786078,7.089050811154002e-05,0.0002635380956618486,0.2706188716944055,4.977573517759344,0.011633122941277333,0.034141406038903935,0.2649397194418306
571,0.0187,0.00174,870,0.3,b,0.00016640082439794187,1.6385511758008975e-07,0.8530415437956529,0.00013806542867683544,0.22942046199164337,2.67952044485646e-05,0.0002213872738523683,0.27168635971921967,5.633437546468483,0.012637396176202019,0.03344191062837711,0.2689440668631741
572,0.0187,0.00174,870,0.3,b,0.00016017280217701108,8.163892211379387e-07,0.8372120967337531,0.00017597802802495402,0.22613415021530567,4.818227959083315e-05,0.0002125874514829939,0.272806198065521,5.223209062287454,0.011709118479574409,0.03408587381793475,0.27010377788081574
573,0.0187,0.00174,870,0.3,b,0.00017215005468158666,9.259154983604466e-08,0.28984573314871487,2.3822157436689394e-05,0.08876132531534064,3.2258113830398254e-05,0.00017863772982717484,0.3087003435928387,0.6728505844549989,0.013525738397458041,0.0328787453246269,0.3062364394710573
574,0.0187,0.00174,870,0.3,b,0.0001706423027105812,2.525530074850818e-07,0.3801861158802278,2.3261543205678988e-05,0.10371547329484014,3.454373323691278e-05,0.0001753795786259883,0.27397788536449075,1.1475109924312519,0.013289849397599064,0.03302367999150296,0.2728018435252754
575,0.0187,0.00174,870,0.3,b,0.00017102960118458912,9.893353676960871e-08,0.3044977628113221,2.5837571926808684e-05,0.09477999151530704,4.0660742351852286e-05,0.0001764188171601744,0.31309313441226644,0.7377634595838266,0.013350244497917638,0.032986267550103594,0.3112666268554366
576,0.0187,0.00174,870,0.3,b,0.00017120579269879117,1.3059730056282588e-07,0.37685885975045186,3.27254449999592e-05,0.08704300519178981,6.40608397613865e-05,0.0001804054027728699,0.2337048024802371,1.1312368932612362,0.013377765013348825,0.03296928974697757,0.2309697727404575
577,0.0187,0.00174,870,0.1,b,6.335548247973904e-05,5.23005223034175e-07,0.9390811274789335,0.0001992359157036838,0.22786684801954976,0.002256438702003342,9.35167205767242e-05,0.24402753697009416,2.5993698310934326,0.0018319560848933034,0.05419718344230568,0.24264873539870124
578,0.0187,0.00174,870,0.1,b,5.439885342487277e-05,9.0916655846963e-07,0.9429419648536324,8.023905106751659e-05,0.2239224906315791,0.00042162711340299,0.00019506815058796743,0.24392024793624678,2.2502839381898694,0.0013505981348560683,0.05848896625948179,0.23747218702514458
579,0.0187,0.00174,870,0.1,b,6.65905474839559e-05,9.36672385472377e-07,0.576967799940809,4.625567747498604e-05,0.17395128301997623,3.507715497939079e-05,7.086028371347434e-05,0.30190923793556385,1.0313198673776804,0.0020238197254547363,0.052864304875233664,0.3014921855913308
580,0.0187,0.00174,870,0.1,b,5.422667015645289e-05,1.72320225646922e-06,0.9473589575360922,0.00010003412041868773,0.2327624817076494,5.395628378087685e-05,8.861854394954845e-05,0.24722147119512192,2.264225695861646,0.0013420618385093256,0.058581751227371616,0.2456961850163133
581,0.0187,0.00174,870,0.1,b,0.00010044529461042501,1.2710043721758372e-06,0.8042515382179216,0.0002684556071548682,0.20427515823847286,1.7089834964380895e-05,0.00013307878361631253,0.2559353083390392,3.0226721418828784,0.004604747781008206,0.04304314739616019,0.25399411568563524
582,0.0187,0.00174,870,0.1,b,5.404827190507016e-05,7.41449827847061e-07,0.9395740221975791,0.00010567601893774174,0.23059629049893124,4.274279029085449e-05,6.568057291436259e-05,0.24595254355545507,2.2198389131709146,0.0013332459679147564,0.05867835257979535,0.24542642202855636
583,0.0187,0.00174,870,0.1,b,5.401586310849151e-05,2.280158105007293e-07,0.9352621339861146,0.00010729816692457447,0.2289914675913344,0.0008375909017187303,7.685197551952081e-05,0.24588580887804573,2.198192232196922,0.001331647547050119,0.05869595305417988,0.24484201730200075
584,0.0187,0.00174,870,0.1,b,4.522905657972472e-05,1.86192796357539e-06,0.9534292903348378,0.00017907365702871388,0.24364852439886994,6.84612104762841e-05,8.731691934097047e-05,0.2573208675996203,1.9128114141356833,0.0009336448618493037,0.0641445930494158,0.25554965309834593
585,0.0187,0.00174,870,0.1,b,6.332294184107501e-05,1.201815210023682e-07,0.9845605273160635,0.00033027413769595596,0.24566890230271704,4.924480164116133e-05,9.985084498350416e-05,0.2509985069285414,2.855772251935036,0.0018300747098502507,0.054211107183031584,0.24952138084635242
586,0.0187,0.00174,870,0.1,b,4.475069997395896e-05,9.73979078732059e-07,0.9616908423940644,0.00012272619952344432,0.24654605477612113,6.801944690935248e-05,7.437561198426359e-05,0.2575900762165791,1.9255218001894399,0.0009140002594649785,0.06448651426043955,0.25636726888483347
587,0.0187,0.00174,870,0.1,b,6.243390519116516e-05,9.86045946520617e-07,0.9785700445306345,0.0002924607946558332,0.24384619161176357,5.249834372791298e-05,0.00010193481066492979,0.25080491755072204,2.7815186813045734,0.001779047953926169,0.05459571631082522,0.24918624167442507
588,0.0187,0.00174,870,0.1,b,4.4670731138871415e-05,2.23553992069712e-06,0.9647038688537194,0.00012489522175580762,0.2473065405563695,5.7222984881692675e-05,7.522726407174287e-05,0.2576082567714637,1.9341437436641635,0.0009107365684247091,0.06454420981859466,0.25635487587525085
589,0.0187,0.00174,870,0.1,b,6.229184739813634e-05,3.1149175684511003e-07,0.9897816736933706,9.665707563496843e-05,0.24658043187251452,5.4026794054832874e-05,0.0001007303263600623,0.250666352932256,2.8391456574062324,0.0017709613187632009,0.05465793416551113,0.24912608348505744
590,0.0187,0.00174,870,0.1,b,4.474315498509172e-05,2.8462439194845854e-07,0.9772744924447762,9.41488029205214e-05,0.24841586576895786,6.131666437472114e-05,8.04570544108922e-05,0.255631592633875,1.9880961188595472,0.0009136920837072067,0.06449195117612504,0.2541925197981112
591,0.0187,0.00174,870,0.1,b,6.250678998832152e-05,2.6635427422207477e-07,0.9934124301106549,0.0003623784086343548,0.24722803127033635,5.923041616646805e-05,9.966475338517698e-05,0.2503472675441406,2.8698818798420707,0.0017832040685908698,0.05456387690303857,0.24886746307653704
592,0.0187,0.00174,870,0.1,b,5.478594270075962e-05,2.7549210071283993e-07,0.9262699730704239,8.192698446490333e-05,0.23329022942760227,0.0016210452315717156,0.00025851946615732175,0.2609450566934067,2.1868649123694857,0.0013698875899975343,0.05828197351800515,0.2518598639814327
593,0.0187,0.00174,870,0.1,b,5.497058347149891e-05,2.456777076069521e-07,0.9195750164699616,9.734614238603501e-05,0.23617259093531748,0.0010015837375661394,8.157802806077814e-05,0.25802704219024597,2.162630481812918,0.0013791367993749993,0.05818400948419759,0.2568279767342202
594,0.0187,0.00174,870,0.1,b,5.4707967747569556e-05,2.7937960353894165e-07,0.9201211986159971,8.166641223197241e-05,0.24697932004262974,0.0011793323596354724,6.63242527699929e-05,0.2689214075288232,2.1548562377469476,0.0013659909369141358,0.05832349321040357,0.2684204215859002
595,0.0187,0.00174,870,0.1,b,5.499842384662412e-05,1.9690293416877902e-07,0.9241643491203367,6.833961292232067e-05,0.23962043353854479,0.0017336290721855904,0.00016710364438690017,0.2642028578916769,2.185376716549107,0.0013805341070384242,0.05816928115578318,0.25928335557049653
596,0.0187,0.00174,870,0.1,b,5.539123126548676e-05,2.171002159577236e-07,0.9195059937090773,8.875932345354305e-05,0.23972646301796163,0.001157512641009673,0.00016303965555430452,0.2654597880729464,2.17885231376279,0.0014003245133900975,0.057962660198015284,0.2607122353286245
597,0.0187,0.00174,870,0.1,b,6.672358234041094e-05,1.77940207086903e-06,1.3167366358016857,0.0001859487186824121,0.3495722049413659,0.001896313834102162,0.0001018100799966055,0.2662304978131838,5.382138131659236,0.0020319141929063794,0.052811577608531154,0.2654837690671008
598,0.0187,0.00174,870,0.1,b,5.501938912829652e-05,9.71781450242533e-07,0.6076944534746672,3.9588805017766445e-05,0.16967032005846694,0.0004946282439789074,0.00014291698139515886,0.28744457039280563,0.9452875874885969,0.0013815868209508307,0.05815819732168071,0.2792033382702907
599,0.0187,0.00174,870,0.1,b,6.684368798249641e-05,8.82606342176109e-07,1.3259577328763494,0.00019058057464611792,0.32944319697661606,3.6910276140542314e-05,0.00010962945574794252,0.2494157909884492,5.467608503148627,0.0020392358622771637,0.05276410999808579,0.24845678622196163
600,0.0187,0.00174,870,0.1,b,5.567754054113953e-05,8.64958237808051e-07,0.6210643632431343,5.349077489372845e-05,0.1794705134623141,0.00010426274115481632,8.034402252131663e-05,0.2911353261701281,0.9991504977613469,0.0014148380763478955,0.057813438119775,0.2889724867244637
601,0.0187,0.00174,870,0.1,b,6.662400342013737e-05,3.272625797426533e-07,1.314713733533329,0.00019861289495523197,0.32697920736931724,4.0053924978948454e-05,0.00010843144045218008,0.24965975883252545,5.3576059850899895,0.0020258538217345435,0.052851030028268,0.24870753155559705
602,0.0187,0.00174,870,0.1,b,5.584843906660938e-05,9.72278089309129e-07,0.6233191040513765,0.0005261707797637378,0.16800534280086332,0.0002719941774435693,5.8705063301136855e-05,0.26980090957148345,1.0095075257620185,0.001423536909795453,0.057724914594696815,0.26953344075110464
603,0.0187,0.00174,870,0.1,b,6.636537774031156e-05,2.8354050678311133e-07,1.3187521005202083,0.00011929312701779781,0.3393061201611455,0.0003756280103920173,0.00011186877183781016,0.2582890074937163,5.369644642946395,0.00201015614924619,0.05295391004842207,0.2572933305867717
604,0.0187,0.00174,870,0.1,b,5.5169447490436084e-05,9.73695378577781e-07,0.6206387192999869,4.1222104654432946e-05,0.18047497613775368,0.00011472996083657497,9.733962872590125e-05,0.29445927532434585,0.9886760478756413,0.001389133301432778,0.05807904965335517,0.29078910246094514
605,0.0187,0.00174,870,0.1,b,6.661584658515125e-05,2.9447086738925376e-07,1.3187156239161157,0.00017444061611846697,0.3264671151566675,0.0002801773152634764,0.0001146320165204521,0.2486561706343845,5.389611994887516,0.0020253577979916343,0.05285426562427989,0.2475644553199244
606,0.0187,0.00174,870,0.1,b,4.429470229600192e-05,1.9166295714801e-06,0.5206291383251392,0.000738603051955132,0.1712298113687012,0.00010292389786810398,4.9163772221040534e-05,0.3294255504392946,0.5585812774503399,0.0008954683237585013,0.06481759682882192,0.3288901806755312
607,0.0187,0.00174,870,0.1,b,6.598066384428614e-05,4.0275224169914984e-07,0.8659774101097679,0.00014146859125078364,0.22150923194748337,3.5891233275459604e-05,0.00011173901697115599,0.25812053267658586,2.3020113106393003,0.001986918323902358,0.053108065024873474,0.25579100489400264
608,0.0187,0.00174,870,0.1,b,5.3118608570076875e-05,2.40803852197994e-06,0.5645288127276594,0.0013916036011451677,0.17197141757765796,0.0023610553050579805,5.697186624574563e-05,0.3050173525801099,0.7875834138427926,0.0012877751312182185,0.0591896093398061,0.3046282380995505
609,0.0187,0.00174,870,0.1,b,4.4904840831584307e-05,4.720595683409077e-07,0.5528031708447567,0.00011330876085617966,0.18134242772457118,8.329374466334617e-05,5.559454080813687e-05,0.3290860004667333,0.6384279006444225,0.0009203075314475478,0.06437574055380588,0.32804158385606913
610,0.0187,0.00174,870,0.1,b,6.57520801192662e-05,4.210273407748836e-07,0.8813317637901353,0.00013493608714026023,0.22315918221327213,3.498414119744585e-05,0.000102106542826433,0.2550136500036594,2.376106968859484,0.0019731751925495607,0.053200298661450277,0.2532067847567233
611,0.0187,0.00174,870,0.1,b,4.5150431171591974e-05,1.95959525258084e-06,0.5384015638111601,0.00017070459463046491,0.16556021056057738,0.0015142140861976719,8.439278697782647e-05,0.31179209034206384,0.6089086918312903,0.0009304016192047847,0.06420041977058408,0.30750321263674163
612,0.0187,0.00174,870,0.1,b,6.576102048285875e-05,4.6128282523834045e-07,0.8697499956548804,0.0001388723489346901,0.22034269775542165,3.578103120516508e-05,0.00010172145025439839,0.25517440479890247,2.3143820939117394,0.001973711817488122,0.05319668218639695,0.25334026887751127
613,0.0187,0.00174,870,0.1,b,9.280487974451857e-05,8.68033052463497e-07,0.8244011239480259,0.0001366892315129528,0.2093655425884445,3.979250366912561e-05,0.00014215702804395948,0.25675043606795733,2.934442532562687,0.003930866350978407,0.04477993022576914,0.25396076801278583
614,0.0187,0.00174,870,0.1,b,5.381260262924413e-05,1.8986819442392e-06,0.4358565572424653,8.535224458793941e-05,0.14935035747005188,5.2430204366437027e-05,6.680604036972378e-05,0.3446119999362026,0.4756076279677527,0.0013216444835791475,0.05880670148655444,0.3426594254195626
615,0.0187,0.00174,870,0.1,b,5.311020879893314e-05,9.72409692507425e-07,1.3239701095341656,0.0003282565936400002,0.3187387256030163,7.545244504871932e-05,9.274713484995028e-05,0.2416643136265526,4.331237671020192,0.0012873678855686126,0.059194289791335106,0.24074465375593973
616,0.0187,0.00174,870,0.1,b,9.310365752200212e-05,3.1850112205959554e-07,0.8372329900602583,0.0002508182746420704,0.21555520591153757,6.67753803553931e-05,0.00013809316706895299,0.2598954715950606,3.0362466875271985,0.003956217303369366,0.04470802113306134,0.257461433639904
617,0.0187,0.00174,870,0.1,b,5.30919220393992e-05,1.25109668836099e-06,0.4851267164649462,0.00018668105766006608,0.16727593432083404,5.699077692163779e-05,5.6209916453076076e-05,0.3451854649543604,0.5813216248909004,0.0012864815123245202,0.05920448323044184,0.34480874510427195
618,0.0187,0.00174,870,0.1,b,5.3354207112605337e-05,1.83191920082173e-06,1.3006481261416756,0.0004723237283783847,0.31394380091482477,6.751417926003912e-05,9.748125424165222e-05,0.24243271138488018,4.199194158096059,0.0012992238791113483,0.059058781660932244,0.24137489195185127
619,0.0187,0.00174,870,0.1,b,5.408123558157967e-05,4.369927390488446e-07,1.2955663866945892,0.000474481840126691,0.31240375917179225,8.202728724643362e-05,9.267824311810336e-05,0.2420666597396075,4.223218922520963,0.0013348727392896343,0.05866046699486002,0.24113296113589033
620,0.0187,0.00174,870,0.1,b,6.330069999674336e-05,3.8625446894880694e-07,1.1354311270067696,0.00024245978558578663,0.27914547308055776,5.344897174310644e-05,9.561954934657224e-05,0.24684804334621116,3.7967128355132287,0.0018287893277420956,0.05422063037242543,0.24584976265045924
621,0.0187,0.00174,870,0.1,b,3.911544904802241e-05,2.0998195694521e-06,1.3852986010093953,0.00355456600819001,0.32154426385428064,6.272580853074036e-05,0.00022419924845185136,0.236152883553741,3.49230976006229,0.0006983020132531254,0.06897546842503424,0.2321118808753492
622,0.0187,0.00174,870,0.1,b,5.472366248835787e-05,9.32807612434588e-07,0.7197546055902885,7.998898366781789e-05,0.20287691162269691,5.82830086405386e-05,6.963810782439094e-05,0.2828697620803396,1.3189298789620227,0.0013667748062396552,0.05831512902471359,0.281869556716921
623,0.0187,0.00174,870,0.1,b,5.458760955222863e-05,7.23334851760253e-07,0.7160176197691467,7.964772877971208e-05,0.201465238176963,8.881270857568855e-05,6.567868567780582e-05,0.28212235477041003,1.302024456116837,0.001359987154987846,0.05838775546086136,0.2813691068690712
624,0.0187,0.00174,870,0.1,b,5.4724155064119524e-05,1.85597779467458e-06,0.7254936433665944,0.0001611300061171745,0.21614265237034544,0.0004966697054393607,6.552308984144e-05,0.2985997573162588,1.3400590438663773,0.0013667994114338455,0.058314866574944384,0.2979249430323786
625,0.0187,0.00174,870,0.1,b,6.705784188557459e-05,2.6367445405112224e-07,1.0428698460253878,9.842351983426927e-05,0.25618239722730957,3.4426521401665135e-05,0.0001023936466685399,0.24694544433477558,3.3930279651219815,0.002052323407234006,0.05267978968772114,0.24565136119687273
626,0.0187,0.00174,870,0.1,b,6.702583165575441e-05,2.62929674794001e-07,1.052166049176886,0.00011389103969531667,0.25690314915089296,0.0001066440820886083,0.0001074951248337961,0.24563031031629876,3.452140203541535,0.0020503645113863294,0.05269236760616042,0.24416597489708908
627,0.0187,0.00174,870,0.1,b,6.704460507720574e-05,2.703223478371056e-07,1.0451486693112777,0.00010356469735878746,0.2574423447394063,3.367527923359976e-05,9.495595415998427e-05,0.2473368082511759,3.4071999987804023,0.002051513254993297,0.052684989791931695,0.24632126729784123
